/*******************************************************************************
 * Size: 30 px
 * Bpp: 4
 * Opts: --font Archivo-Bold.ttf --size 30 --bpp 4 --format lvgl --range 0x20-0x7E --no-compress -o lvgl/font_archivo_bold_30.c
 ******************************************************************************/

#include <lvgl.h>

#ifndef FONT_ARCHIVO_BOLD_30
#define FONT_ARCHIVO_BOLD_30 1
#endif

#if FONT_ARCHIVO_BOLD_30

/*-----------------
 *    BITMAPS
 *----------------*/

/*Store the image of the glyphs*/
static LV_ATTRIBUTE_LARGE_CONST const uint8_t glyph_bitmap[] = {
    /* U+0020 " " */

    /* U+0021 "!" */
    0xcf, 0xff, 0xdb, 0xff, 0xfc, 0xaf, 0xff, 0xb9,
    0xff, 0xf9, 0x7f, 0xff, 0x86, 0xff, 0xf7, 0x5f,
    0xff, 0x64, 0xff, 0xf5, 0x3f, 0xff, 0x32, 0xff,
    0xf2, 0x1f, 0xff, 0x10, 0xff, 0xf0, 0xe, 0xff,
    0x0, 0xdf, 0xe0, 0x5, 0x65, 0x1, 0x22, 0x21,
    0x9f, 0xff, 0xa9, 0xff, 0xfa, 0x9f, 0xff, 0xa9,
    0xff, 0xfa,

    /* U+0022 "\"" */
    0x2f, 0xff, 0xe0, 0x1f, 0xff, 0xf2, 0xff, 0xfe,
    0x1, 0xff, 0xff, 0x2f, 0xff, 0xe0, 0x1f, 0xff,
    0xf2, 0xff, 0xfe, 0x1, 0xff, 0xff, 0x2f, 0xff,
    0xd0, 0x1f, 0xff, 0xe0, 0xff, 0xfa, 0x0, 0xef,
    0xfb, 0xc, 0xff, 0x70, 0xb, 0xff, 0x80, 0xaf,
    0xf3, 0x0, 0x9f, 0xf4, 0x3, 0x55, 0x0, 0x2,
    0x55, 0x0,

    /* U+0023 "#" */
    0x0, 0x0, 0x0, 0xcf, 0xf6, 0x0, 0x1f, 0xff,
    0x10, 0x0, 0x0, 0x0, 0xff, 0xf2, 0x0, 0x5f,
    0xfd, 0x0, 0x0, 0x0, 0x4, 0xff, 0xd0, 0x0,
    0x9f, 0xf8, 0x0, 0x0, 0x0, 0x8, 0xff, 0x90,
    0x0, 0xdf, 0xf4, 0x0, 0x0, 0x0, 0xd, 0xff,
    0x50, 0x1, 0xff, 0xf0, 0x0, 0x0, 0xff, 0xff,
    0xff, 0xff, 0xff, 0xff, 0xff, 0xf5, 0x0, 0xff,
    0xff, 0xff, 0xff, 0xff, 0xff, 0xff, 0xf5, 0x0,
    0xff, 0xff, 0xff, 0xff, 0xff, 0xff, 0xff, 0xf5,
    0x0, 0x0, 0xaf, 0xf7, 0x0, 0xf, 0xff, 0x30,
    0x0, 0x0, 0x0, 0xef, 0xf4, 0x0, 0x2f, 0xff,
    0x0, 0x0, 0x0, 0x1, 0xff, 0xf0, 0x0, 0x6f,
    0xfc, 0x0, 0x0, 0x0, 0x4, 0xff, 0xd0, 0x0,
    0x9f, 0xf9, 0x0, 0x0, 0x5f, 0xff, 0xff, 0xff,
    0xff, 0xff, 0xff, 0xff, 0x0, 0x5f, 0xff, 0xff,
    0xff, 0xff, 0xff, 0xff, 0xff, 0x0, 0x4f, 0xff,
    0xff, 0xff, 0xff, 0xff, 0xff, 0xff, 0x0, 0x0,
    0x2f, 0xff, 0x0, 0x6, 0xff, 0xb0, 0x0, 0x0,
    0x0, 0x6f, 0xfc, 0x0, 0xa, 0xff, 0x70, 0x0,
    0x0, 0x0, 0x9f, 0xf8, 0x0, 0xe, 0xff, 0x40,
    0x0, 0x0, 0x0, 0xdf, 0xf5, 0x0, 0x1f, 0xff,
    0x0, 0x0, 0x0, 0x0, 0xff, 0xf2, 0x0, 0x5f,
    0xfd, 0x0, 0x0, 0x0,

    /* U+0024 "$" */
    0x0, 0x0, 0x0, 0x7f, 0x30, 0x0, 0x0, 0x0,
    0x0, 0x0, 0x7, 0xf3, 0x0, 0x0, 0x0, 0x0,
    0x0, 0x0, 0x7f, 0x30, 0x0, 0x0, 0x0, 0x0,
    0x4a, 0xdf, 0xff, 0xd9, 0x30, 0x0, 0x1, 0xbf,
    0xff, 0xff, 0xff, 0xff, 0xa0, 0x0, 0xbf, 0xff,
    0xff, 0xff, 0xff, 0xff, 0x80, 0x3f, 0xff, 0xf5,
    0x8f, 0x59, 0xff, 0xff, 0x6, 0xff, 0xfa, 0x7,
    0xf3, 0xf, 0xff, 0xf1, 0x7f, 0xff, 0xf6, 0x8f,
    0x30, 0x0, 0x0, 0x3, 0xff, 0xff, 0xff, 0xf9,
    0x30, 0x0, 0x0, 0xb, 0xff, 0xff, 0xff, 0xff,
    0xe9, 0x20, 0x0, 0xa, 0xff, 0xff, 0xff, 0xff,
    0xff, 0x50, 0x0, 0x2, 0x8c, 0xff, 0xff, 0xff,
    0xff, 0x20, 0x0, 0x0, 0x7, 0xfb, 0xff, 0xff,
    0xf7, 0x57, 0x77, 0x10, 0x7f, 0x31, 0xdf, 0xff,
    0x8c, 0xff, 0xf6, 0x7, 0xf3, 0x9, 0xff, 0xf7,
    0x8f, 0xff, 0xe6, 0x8f, 0x56, 0xff, 0xff, 0x41,
    0xef, 0xff, 0xff, 0xff, 0xff, 0xff, 0xc0, 0x2,
    0xdf, 0xff, 0xff, 0xff, 0xff, 0xc1, 0x0, 0x0,
    0x5a, 0xdf, 0xff, 0xd9, 0x40, 0x0, 0x0, 0x0,
    0x0, 0x7f, 0x30, 0x0, 0x0, 0x0, 0x0, 0x0,
    0x7, 0xf3, 0x0, 0x0, 0x0, 0x0, 0x0, 0x0,
    0x7f, 0x30, 0x0, 0x0, 0x0, 0x0, 0x0, 0x3,
    0x81, 0x0, 0x0, 0x0,

    /* U+0025 "%" */
    0x0, 0x7c, 0xff, 0xec, 0x60, 0x0, 0x0, 0x0,
    0x0, 0xdf, 0xe1, 0x0, 0x0, 0xaf, 0xff, 0xff,
    0xff, 0x90, 0x0, 0x0, 0x0, 0xaf, 0xf5, 0x0,
    0x0, 0x3f, 0xff, 0x63, 0x6f, 0xff, 0x20, 0x0,
    0x0, 0x6f, 0xf9, 0x0, 0x0, 0x7, 0xff, 0x90,
    0x0, 0xbf, 0xf5, 0x0, 0x0, 0x2f, 0xfd, 0x0,
    0x0, 0x0, 0x8f, 0xf7, 0x0, 0x9, 0xff, 0x70,
    0x0, 0xc, 0xff, 0x20, 0x0, 0x0, 0x8, 0xff,
    0x90, 0x0, 0xaf, 0xf6, 0x0, 0x8, 0xff, 0x60,
    0x0, 0x0, 0x0, 0x4f, 0xfe, 0x20, 0x3f, 0xff,
    0x30, 0x4, 0xff, 0xa0, 0x0, 0x0, 0x0, 0x0,
    0xdf, 0xff, 0xff, 0xff, 0xb0, 0x1, 0xef, 0xe1,
    0x0, 0x0, 0x0, 0x0, 0x1, 0xaf, 0xff, 0xff,
    0x90, 0x0, 0xbf, 0xf3, 0x0, 0x0, 0x0, 0x0,
    0x0, 0x0, 0x2, 0x32, 0x0, 0x0, 0x7f, 0xf7,
    0x2, 0x9e, 0xff, 0xc7, 0x0, 0x0, 0x0, 0x0,
    0x0, 0x0, 0x3f, 0xfc, 0x2, 0xff, 0xff, 0xff,
    0xfb, 0x0, 0x0, 0x0, 0x0, 0x0, 0xd, 0xfe,
    0x10, 0xbf, 0xfb, 0x35, 0xef, 0xf5, 0x0, 0x0,
    0x0, 0x0, 0xa, 0xff, 0x40, 0xf, 0xff, 0x10,
    0x7, 0xff, 0xa0, 0x0, 0x0, 0x0, 0x5, 0xff,
    0x90, 0x2, 0xff, 0xe0, 0x0, 0x4f, 0xfc, 0x0,
    0x0, 0x0, 0x2, 0xff, 0xd0, 0x0, 0x3f, 0xfd,
    0x0, 0x3, 0xff, 0xc0, 0x0, 0x0, 0x0, 0xcf,
    0xf2, 0x0, 0x2, 0xff, 0xe0, 0x0, 0x4f, 0xfc,
    0x0, 0x0, 0x0, 0x8f, 0xf6, 0x0, 0x0, 0xf,
    0xff, 0x10, 0x7, 0xff, 0x90, 0x0, 0x0, 0x4f,
    0xfa, 0x0, 0x0, 0x0, 0xbf, 0xfb, 0x35, 0xef,
    0xf5, 0x0, 0x0, 0x1e, 0xfd, 0x0, 0x0, 0x0,
    0x2, 0xef, 0xff, 0xff, 0xfb, 0x0, 0x0, 0xb,
    0xff, 0x30, 0x0, 0x0, 0x0, 0x1, 0x9e, 0xff,
    0xc7, 0x0,

    /* U+0026 "&" */
    0x0, 0x0, 0x27, 0xbd, 0xff, 0xfe, 0xb7, 0x20,
    0x0, 0x0, 0x0, 0x0, 0xaf, 0xff, 0xff, 0xff,
    0xff, 0xff, 0xa1, 0x0, 0x0, 0x0, 0xcf, 0xff,
    0xff, 0xff, 0xff, 0xff, 0xff, 0xd0, 0x0, 0x0,
    0x6f, 0xff, 0xfe, 0x74, 0x33, 0x5a, 0xff, 0xff,
    0x80, 0x0, 0xb, 0xff, 0xfd, 0x0, 0x0, 0x0,
    0x7, 0xff, 0xfd, 0x0, 0x0, 0xbf, 0xff, 0x80,
    0x0, 0x0, 0x0, 0x2c, 0xcc, 0xb0, 0x0, 0x8,
    0xff, 0xfb, 0x0, 0x0, 0x0, 0x0, 0x0, 0x0,
    0x0, 0x0, 0x1d, 0xff, 0xfb, 0x42, 0x22, 0x0,
    0x2, 0x22, 0x22, 0x21, 0x0, 0x19, 0xff, 0xff,
    0xff, 0xf0, 0x2, 0xff, 0xff, 0xff, 0xf0, 0x0,
    0x3c, 0xff, 0xff, 0xff, 0x0, 0x2f, 0xff, 0xff,
    0xff, 0x0, 0x9f, 0xff, 0xff, 0xff, 0xf0, 0x2,
    0xff, 0xff, 0xff, 0xf0, 0x8f, 0xff, 0xe6, 0x10,
    0x0, 0x0, 0x2f, 0xff, 0xe0, 0x0, 0xf, 0xff,
    0xf4, 0x0, 0x0, 0x0, 0x2, 0xff, 0xfe, 0x0,
    0x3, 0xff, 0xff, 0x0, 0x0, 0x0, 0x0, 0x2f,
    0xff, 0xe0, 0x0, 0x4f, 0xff, 0xf2, 0x0, 0x0,
    0x0, 0x4, 0xff, 0xfd, 0x0, 0x1, 0xff, 0xff,
    0xa0, 0x0, 0x0, 0x0, 0xbf, 0xff, 0xa0, 0x0,
    0xb, 0xff, 0xff, 0xd7, 0x44, 0x47, 0xdf, 0xff,
    0xf3, 0x0, 0x0, 0x1e, 0xff, 0xff, 0xff, 0xff,
    0xff, 0xff, 0xf9, 0x0, 0x0, 0x0, 0x1a, 0xff,
    0xff, 0xff, 0xff, 0xff, 0xf7, 0x0, 0x0, 0x0,
    0x0, 0x2, 0x8b, 0xef, 0xff, 0xdb, 0x61, 0x0,
    0x0, 0x0,

    /* U+0027 "'" */
    0x2f, 0xff, 0xe2, 0xff, 0xfe, 0x2f, 0xff, 0xe2,
    0xff, 0xfe, 0x2f, 0xff, 0xd0, 0xff, 0xfa, 0xc,
    0xff, 0x70, 0xaf, 0xf3, 0x3, 0x55, 0x0,

    /* U+0028 "(" */
    0x0, 0x0, 0x6, 0xff, 0x50, 0x0, 0x3, 0xff,
    0xc0, 0x0, 0x0, 0xef, 0xf4, 0x0, 0x0, 0x8f,
    0xfd, 0x0, 0x0, 0x1f, 0xff, 0x60, 0x0, 0x8,
    0xff, 0xf0, 0x0, 0x0, 0xef, 0xfb, 0x0, 0x0,
    0x4f, 0xff, 0x60, 0x0, 0x8, 0xff, 0xf2, 0x0,
    0x0, 0xcf, 0xff, 0x0, 0x0, 0xf, 0xff, 0xd0,
    0x0, 0x0, 0xff, 0xfb, 0x0, 0x0, 0x1f, 0xff,
    0xa0, 0x0, 0x2, 0xff, 0xfa, 0x0, 0x0, 0x1f,
    0xff, 0xa0, 0x0, 0x0, 0xff, 0xfc, 0x0, 0x0,
    0xd, 0xff, 0xe0, 0x0, 0x0, 0xaf, 0xff, 0x10,
    0x0, 0x6, 0xff, 0xf4, 0x0, 0x0, 0x1f, 0xff,
    0x80, 0x0, 0x0, 0xbf, 0xfd, 0x0, 0x0, 0x5,
    0xff, 0xf2, 0x0, 0x0, 0xd, 0xff, 0x90, 0x0,
    0x0, 0x4f, 0xff, 0x10, 0x0, 0x0, 0x9f, 0xf7,
    0x0, 0x0, 0x0, 0xdf, 0xf1, 0x0, 0x0, 0x2,
    0x99, 0x40,

    /* U+0029 ")" */
    0x6f, 0xf5, 0x0, 0x0, 0x0, 0xdf, 0xf2, 0x0,
    0x0, 0x5, 0xff, 0xc0, 0x0, 0x0, 0xd, 0xff,
    0x60, 0x0, 0x0, 0x7f, 0xfe, 0x0, 0x0, 0x1,
    0xff, 0xf6, 0x0, 0x0, 0xc, 0xff, 0xd0, 0x0,
    0x0, 0x8f, 0xff, 0x20, 0x0, 0x4, 0xff, 0xf7,
    0x0, 0x0, 0x1f, 0xff, 0xa0, 0x0, 0x0, 0xef,
    0xfd, 0x0, 0x0, 0xc, 0xff, 0xf0, 0x0, 0x0,
    0xbf, 0xff, 0x0, 0x0, 0xb, 0xff, 0xf0, 0x0,
    0x0, 0xcf, 0xff, 0x0, 0x0, 0xd, 0xff, 0xf0,
    0x0, 0x0, 0xff, 0xfc, 0x0, 0x0, 0x2f, 0xff,
    0x90, 0x0, 0x5, 0xff, 0xf5, 0x0, 0x0, 0x9f,
    0xff, 0x10, 0x0, 0xe, 0xff, 0xb0, 0x0, 0x3,
    0xff, 0xf4, 0x0, 0x0, 0xaf, 0xfc, 0x0, 0x0,
    0x1f, 0xff, 0x30, 0x0, 0x8, 0xff, 0x90, 0x0,
    0x1, 0xff, 0xc0, 0x0, 0x0, 0x59, 0x91, 0x0,
    0x0, 0x0,

    /* U+002A "*" */
    0x0, 0x0, 0xf, 0xf4, 0x0, 0x0, 0x0, 0x20,
    0xf, 0xf2, 0x1, 0x0, 0x5, 0xf6, 0xd, 0xf1,
    0x4e, 0x80, 0xc, 0xff, 0xad, 0xf8, 0xff, 0xf1,
    0x0, 0x7e, 0xff, 0xff, 0xf8, 0x10, 0x0, 0x4,
    0xef, 0xff, 0x60, 0x0, 0x4, 0xbf, 0xff, 0xff,
    0xfd, 0x50, 0xc, 0xff, 0x5c, 0xf3, 0xdf, 0xe0,
    0x2, 0xc2, 0xe, 0xf1, 0xa, 0x50, 0x0, 0x0,
    0xf, 0xf3, 0x0, 0x0, 0x0, 0x0, 0xb, 0xb3,
    0x0, 0x0,

    /* U+002B "+" */
    0x0, 0x0, 0x0, 0xff, 0xf3, 0x0, 0x0, 0x0,
    0x0, 0x0, 0xf, 0xff, 0x30, 0x0, 0x0, 0x0,
    0x0, 0x0, 0xff, 0xf3, 0x0, 0x0, 0x0, 0x0,
    0x0, 0xf, 0xff, 0x30, 0x0, 0x0, 0x0, 0x0,
    0x0, 0xff, 0xf3, 0x0, 0x0, 0x0, 0x0, 0x0,
    0xf, 0xff, 0x30, 0x0, 0x0, 0x12, 0x22, 0x22,
    0xff, 0xf5, 0x22, 0x22, 0x2a, 0xff, 0xff, 0xff,
    0xff, 0xff, 0xff, 0xfe, 0xaf, 0xff, 0xff, 0xff,
    0xff, 0xff, 0xff, 0xea, 0xff, 0xff, 0xff, 0xff,
    0xff, 0xff, 0xfe, 0x0, 0x0, 0x0, 0xff, 0xf3,
    0x0, 0x0, 0x0, 0x0, 0x0, 0xf, 0xff, 0x30,
    0x0, 0x0, 0x0, 0x0, 0x0, 0xff, 0xf3, 0x0,
    0x0, 0x0, 0x0, 0x0, 0xf, 0xff, 0x30, 0x0,
    0x0, 0x0, 0x0, 0x0, 0xff, 0xf3, 0x0, 0x0,
    0x0, 0x0, 0x0, 0xf, 0xff, 0x30, 0x0, 0x0,

    /* U+002C "," */
    0x24, 0x44, 0x39, 0xff, 0xfc, 0x9f, 0xff, 0xc9,
    0xff, 0xfc, 0x9f, 0xff, 0xc0, 0x7, 0xfb, 0x0,
    0xbf, 0x80, 0x5f, 0xf2, 0x9f, 0xf6, 0xb, 0xb3,
    0x0, 0x0, 0x0, 0x0,

    /* U+002D "-" */
    0x8a, 0xaa, 0xaa, 0xa8, 0xcf, 0xff, 0xff, 0xfc,
    0xcf, 0xff, 0xff, 0xfc, 0xcf, 0xff, 0xff, 0xfc,

    /* U+002E "." */
    0x24, 0x44, 0x39, 0xff, 0xfc, 0x9f, 0xff, 0xc9,
    0xff, 0xfc, 0x9f, 0xff, 0xc0,

    /* U+002F "/" */
    0x0, 0x0, 0x0, 0xff, 0xd0, 0x0, 0x0, 0x3f,
    0xf9, 0x0, 0x0, 0x8, 0xff, 0x50, 0x0, 0x0,
    0xcf, 0xf1, 0x0, 0x0, 0xf, 0xfd, 0x0, 0x0,
    0x4, 0xff, 0x80, 0x0, 0x0, 0x8f, 0xf4, 0x0,
    0x0, 0xc, 0xff, 0x0, 0x0, 0x1, 0xff, 0xc0,
    0x0, 0x0, 0x5f, 0xf8, 0x0, 0x0, 0x9, 0xff,
    0x40, 0x0, 0x0, 0xdf, 0xf0, 0x0, 0x0, 0x1f,
    0xfb, 0x0, 0x0, 0x6, 0xff, 0x70, 0x0, 0x0,
    0xaf, 0xf3, 0x0, 0x0, 0xe, 0xfe, 0x0, 0x0,
    0x2, 0xff, 0xa0, 0x0, 0x0, 0x6f, 0xf6, 0x0,
    0x0, 0xb, 0xff, 0x20, 0x0, 0x0, 0xff, 0xe0,
    0x0, 0x0, 0x3f, 0xfa, 0x0, 0x0, 0x7, 0xff,
    0x50, 0x0, 0x0, 0xbf, 0xf1, 0x0, 0x0, 0x7,
    0x87, 0x0, 0x0, 0x0,

    /* U+0030 "0" */
    0x0, 0x0, 0x6b, 0xef, 0xfe, 0xb5, 0x0, 0x0,
    0x0, 0x2d, 0xff, 0xff, 0xff, 0xff, 0xc1, 0x0,
    0x0, 0xdf, 0xff, 0xff, 0xff, 0xff, 0xfb, 0x0,
    0x7, 0xff, 0xff, 0x73, 0x38, 0xff, 0xff, 0x50,
    0xd, 0xff, 0xf6, 0x0, 0x0, 0x9f, 0xff, 0xb0,
    0x2f, 0xff, 0xf0, 0x0, 0x0, 0x2f, 0xff, 0xf0,
    0x5f, 0xff, 0xd0, 0x0, 0x0, 0xf, 0xff, 0xf2,
    0x7f, 0xff, 0xb0, 0x0, 0x0, 0xd, 0xff, 0xf4,
    0x8f, 0xff, 0xa0, 0x0, 0x0, 0xd, 0xff, 0xf5,
    0x8f, 0xff, 0xa0, 0x0, 0x0, 0xd, 0xff, 0xf6,
    0x8f, 0xff, 0xa0, 0x0, 0x0, 0xd, 0xff, 0xf6,
    0x8f, 0xff, 0xa0, 0x0, 0x0, 0xd, 0xff, 0xf5,
    0x7f, 0xff, 0xb0, 0x0, 0x0, 0xd, 0xff, 0xf4,
    0x5f, 0xff, 0xd0, 0x0, 0x0, 0xf, 0xff, 0xf2,
    0x2f, 0xff, 0xf0, 0x0, 0x0, 0x2f, 0xff, 0xf0,
    0xd, 0xff, 0xf7, 0x0, 0x0, 0x9f, 0xff, 0xb0,
    0x7, 0xff, 0xff, 0x84, 0x49, 0xff, 0xff, 0x40,
    0x0, 0xdf, 0xff, 0xff, 0xff, 0xff, 0xfb, 0x0,
    0x0, 0x1d, 0xff, 0xff, 0xff, 0xff, 0xb1, 0x0,
    0x0, 0x0, 0x6b, 0xef, 0xfe, 0xb5, 0x0, 0x0,

    /* U+0031 "1" */
    0x0, 0x0, 0x0, 0x29, 0xff, 0x20, 0x0, 0x0,
    0x0, 0x5, 0xbf, 0xff, 0xf2, 0x0, 0x0, 0x9,
    0xcf, 0xff, 0xff, 0xff, 0x20, 0x0, 0x0, 0xff,
    0xff, 0xff, 0xff, 0xf2, 0x0, 0x0, 0xf, 0xff,
    0xff, 0xff, 0xff, 0x20, 0x0, 0x0, 0x0, 0x0,
    0x1f, 0xff, 0xf2, 0x0, 0x0, 0x0, 0x0, 0x1,
    0xff, 0xff, 0x20, 0x0, 0x0, 0x0, 0x0, 0x1f,
    0xff, 0xf2, 0x0, 0x0, 0x0, 0x0, 0x1, 0xff,
    0xff, 0x20, 0x0, 0x0, 0x0, 0x0, 0x1f, 0xff,
    0xf2, 0x0, 0x0, 0x0, 0x0, 0x1, 0xff, 0xff,
    0x20, 0x0, 0x0, 0x0, 0x0, 0x1f, 0xff, 0xf2,
    0x0, 0x0, 0x0, 0x0, 0x1, 0xff, 0xff, 0x20,
    0x0, 0x0, 0x0, 0x0, 0x1f, 0xff, 0xf2, 0x0,
    0x0, 0x0, 0x0, 0x1, 0xff, 0xff, 0x20, 0x0,
    0x0, 0x0, 0x0, 0x1f, 0xff, 0xf2, 0x0, 0x0,
    0x5, 0x55, 0x56, 0xff, 0xff, 0x65, 0x55, 0x30,
    0xff, 0xff, 0xff, 0xff, 0xff, 0xff, 0xfb, 0xf,
    0xff, 0xff, 0xff, 0xff, 0xff, 0xff, 0xb0, 0xff,
    0xff, 0xff, 0xff, 0xff, 0xff, 0xfb,

    /* U+0032 "2" */
    0x0, 0x0, 0x5a, 0xdf, 0xff, 0xc8, 0x10, 0x0,
    0x0, 0x3d, 0xff, 0xff, 0xff, 0xff, 0xf6, 0x0,
    0x2, 0xff, 0xff, 0xff, 0xff, 0xff, 0xff, 0x40,
    0xc, 0xff, 0xff, 0x84, 0x48, 0xff, 0xff, 0xd0,
    0x1f, 0xff, 0xf4, 0x0, 0x0, 0x4f, 0xff, 0xf2,
    0x4f, 0xff, 0xe0, 0x0, 0x0, 0xf, 0xff, 0xf4,
    0x4f, 0xff, 0xd0, 0x0, 0x0, 0xf, 0xff, 0xf4,
    0x2, 0x22, 0x20, 0x0, 0x0, 0x5f, 0xff, 0xf1,
    0x0, 0x0, 0x0, 0x0, 0x2, 0xef, 0xff, 0xa0,
    0x0, 0x0, 0x0, 0x0, 0x3e, 0xff, 0xfe, 0x10,
    0x0, 0x0, 0x0, 0x6, 0xff, 0xff, 0xf3, 0x0,
    0x0, 0x0, 0x1, 0xaf, 0xff, 0xfe, 0x30, 0x0,
    0x0, 0x0, 0x3e, 0xff, 0xff, 0xb1, 0x0, 0x0,
    0x0, 0x6, 0xff, 0xff, 0xf6, 0x0, 0x0, 0x0,
    0x0, 0x7f, 0xff, 0xfc, 0x20, 0x0, 0x0, 0x0,
    0x5, 0xff, 0xff, 0x80, 0x0, 0x0, 0x0, 0x0,
    0xe, 0xff, 0xff, 0xaa, 0xaa, 0xaa, 0xaa, 0xa4,
    0x4f, 0xff, 0xff, 0xff, 0xff, 0xff, 0xff, 0xf7,
    0x7f, 0xff, 0xff, 0xff, 0xff, 0xff, 0xff, 0xf7,
    0x7f, 0xff, 0xff, 0xff, 0xff, 0xff, 0xff, 0xf7,

    /* U+0033 "3" */
    0x0, 0x1, 0x7b, 0xef, 0xfe, 0xb7, 0x10, 0x0,
    0x0, 0x6f, 0xff, 0xff, 0xff, 0xff, 0xf5, 0x0,
    0x5, 0xff, 0xff, 0xff, 0xff, 0xff, 0xff, 0x40,
    0xe, 0xff, 0xfd, 0x63, 0x48, 0xff, 0xff, 0xc0,
    0x2f, 0xff, 0xf1, 0x0, 0x0, 0x6f, 0xff, 0xf0,
    0x2d, 0xdd, 0xa0, 0x0, 0x0, 0x3f, 0xff, 0xf0,
    0x0, 0x0, 0x0, 0x0, 0x0, 0x6f, 0xff, 0xc0,
    0x0, 0x0, 0x0, 0x22, 0x27, 0xff, 0xff, 0x30,
    0x0, 0x0, 0x0, 0xff, 0xff, 0xff, 0xd3, 0x0,
    0x0, 0x0, 0x0, 0xff, 0xff, 0xff, 0x60, 0x0,
    0x0, 0x0, 0x0, 0xff, 0xff, 0xff, 0xfd, 0x10,
    0x0, 0x0, 0x0, 0x0, 0x4, 0xdf, 0xff, 0xc0,
    0x0, 0x0, 0x0, 0x0, 0x0, 0x1f, 0xff, 0xf3,
    0x57, 0x77, 0x20, 0x0, 0x0, 0xc, 0xff, 0xf7,
    0xaf, 0xff, 0x60, 0x0, 0x0, 0xd, 0xff, 0xf7,
    0x8f, 0xff, 0xc0, 0x0, 0x0, 0x3f, 0xff, 0xf5,
    0x2f, 0xff, 0xfc, 0x63, 0x48, 0xff, 0xff, 0xe0,
    0x8, 0xff, 0xff, 0xff, 0xff, 0xff, 0xff, 0x50,
    0x0, 0x7f, 0xff, 0xff, 0xff, 0xff, 0xf5, 0x0,
    0x0, 0x2, 0x8c, 0xef, 0xfe, 0xb7, 0x10, 0x0,

    /* U+0034 "4" */
    0x0, 0x0, 0x0, 0xbf, 0xff, 0x90, 0x0, 0x0,
    0x0, 0x0, 0x0, 0xf, 0xff, 0xf4, 0x0, 0x0,
    0x0, 0x0, 0x0, 0x5, 0xff, 0xfe, 0x0, 0xcf,
    0x30, 0x0, 0x0, 0x0, 0xbf, 0xff, 0x80, 0x2f,
    0xf4, 0x0, 0x0, 0x0, 0x1f, 0xff, 0xf1, 0x9,
    0xff, 0x40, 0x0, 0x0, 0x8, 0xff, 0xf9, 0x1,
    0xff, 0xf4, 0x0, 0x0, 0x0, 0xef, 0xff, 0x10,
    0x8f, 0xff, 0x40, 0x0, 0x0, 0x7f, 0xff, 0x70,
    0xd, 0xff, 0xf4, 0x0, 0x0, 0x1e, 0xff, 0xd0,
    0x0, 0xdf, 0xff, 0x40, 0x0, 0x9, 0xff, 0xf3,
    0x0, 0xd, 0xff, 0xf4, 0x0, 0x2, 0xff, 0xf8,
    0x0, 0x0, 0xdf, 0xff, 0x40, 0x0, 0xcf, 0xfc,
    0x0, 0x0, 0xd, 0xff, 0xf4, 0x0, 0x2f, 0xff,
    0xff, 0xff, 0xff, 0xff, 0xff, 0xff, 0xe2, 0xff,
    0xff, 0xff, 0xff, 0xff, 0xff, 0xff, 0xfe, 0x2f,
    0xff, 0xff, 0xff, 0xff, 0xff, 0xff, 0xff, 0xe0,
    0x55, 0x55, 0x55, 0x55, 0x5e, 0xff, 0xf7, 0x54,
    0x0, 0x0, 0x0, 0x0, 0x0, 0xdf, 0xff, 0x40,
    0x0, 0x0, 0x0, 0x0, 0x0, 0xd, 0xff, 0xf4,
    0x0, 0x0, 0x0, 0x0, 0x0, 0x0, 0xdf, 0xff,
    0x40, 0x0, 0x0, 0x0, 0x0, 0x0, 0xd, 0xff,
    0xf4, 0x0,

    /* U+0035 "5" */
    0x2, 0xff, 0xff, 0xff, 0xff, 0xff, 0xff, 0x40,
    0x3, 0xff, 0xff, 0xff, 0xff, 0xff, 0xff, 0x40,
    0x4, 0xff, 0xff, 0xff, 0xff, 0xff, 0xff, 0x40,
    0x6, 0xff, 0xfc, 0xaa, 0xaa, 0xaa, 0xaa, 0x20,
    0x7, 0xff, 0xf5, 0x0, 0x0, 0x0, 0x0, 0x0,
    0x8, 0xff, 0xf3, 0x0, 0x0, 0x0, 0x0, 0x0,
    0xa, 0xff, 0xf3, 0x8d, 0xff, 0xd9, 0x20, 0x0,
    0xb, 0xff, 0xff, 0xff, 0xff, 0xff, 0xf6, 0x0,
    0xc, 0xff, 0xff, 0xff, 0xff, 0xff, 0xff, 0x40,
    0xd, 0xff, 0xfe, 0x62, 0x28, 0xff, 0xff, 0xc0,
    0x5, 0x8a, 0xb2, 0x0, 0x0, 0x6f, 0xff, 0xf2,
    0x0, 0x0, 0x0, 0x0, 0x0, 0xf, 0xff, 0xf5,
    0x0, 0x0, 0x0, 0x0, 0x0, 0xd, 0xff, 0xf6,
    0x9e, 0xee, 0x60, 0x0, 0x0, 0xd, 0xff, 0xf6,
    0x8f, 0xff, 0xa0, 0x0, 0x0, 0x1f, 0xff, 0xf4,
    0x5f, 0xff, 0xf2, 0x0, 0x0, 0x9f, 0xff, 0xf0,
    0xd, 0xff, 0xfe, 0x73, 0x4a, 0xff, 0xff, 0x90,
    0x3, 0xff, 0xff, 0xff, 0xff, 0xff, 0xfd, 0x10,
    0x0, 0x4e, 0xff, 0xff, 0xff, 0xff, 0xc1, 0x0,
    0x0, 0x0, 0x6b, 0xef, 0xfe, 0xa5, 0x0, 0x0,

    /* U+0036 "6" */
    0x0, 0x0, 0x4a, 0xdf, 0xfe, 0xb7, 0x0, 0x0,
    0x0, 0xb, 0xff, 0xff, 0xff, 0xff, 0xe3, 0x0,
    0x0, 0xaf, 0xff, 0xff, 0xff, 0xff, 0xfe, 0x10,
    0x4, 0xff, 0xff, 0x83, 0x36, 0xff, 0xff, 0x80,
    0xb, 0xff, 0xf7, 0x0, 0x0, 0x5f, 0xff, 0xd0,
    0xf, 0xff, 0xf0, 0x0, 0x0, 0x1e, 0xee, 0xe0,
    0x3f, 0xff, 0xd0, 0x0, 0x0, 0x0, 0x0, 0x0,
    0x5f, 0xff, 0xc0, 0x7d, 0xff, 0xfb, 0x50, 0x0,
    0x7f, 0xff, 0xde, 0xff, 0xff, 0xff, 0xfb, 0x0,
    0x8f, 0xff, 0xff, 0xff, 0xff, 0xff, 0xff, 0x90,
    0x8f, 0xff, 0xff, 0x61, 0x3, 0xcf, 0xff, 0xf2,
    0x8f, 0xff, 0xf5, 0x0, 0x0, 0x1e, 0xff, 0xf7,
    0x7f, 0xff, 0xf0, 0x0, 0x0, 0xa, 0xff, 0xf9,
    0x5f, 0xff, 0xe0, 0x0, 0x0, 0x9, 0xff, 0xfa,
    0x2f, 0xff, 0xf1, 0x0, 0x0, 0xb, 0xff, 0xf9,
    0xd, 0xff, 0xf7, 0x0, 0x0, 0x2f, 0xff, 0xf5,
    0x6, 0xff, 0xff, 0x94, 0x37, 0xef, 0xff, 0xe0,
    0x0, 0xcf, 0xff, 0xff, 0xff, 0xff, 0xff, 0x40,
    0x0, 0x1b, 0xff, 0xff, 0xff, 0xff, 0xe4, 0x0,
    0x0, 0x0, 0x4a, 0xdf, 0xfe, 0xc7, 0x10, 0x0,

    /* U+0037 "7" */
    0xaf, 0xff, 0xff, 0xff, 0xff, 0xff, 0xff, 0xfa,
    0xaf, 0xff, 0xff, 0xff, 0xff, 0xff, 0xff, 0xfa,
    0xaf, 0xff, 0xff, 0xff, 0xff, 0xff, 0xff, 0xf8,
    0x6b, 0xbb, 0xbb, 0xbb, 0xbb, 0xdf, 0xff, 0xc0,
    0x0, 0x0, 0x0, 0x0, 0x2, 0xff, 0xfe, 0x10,
    0x0, 0x0, 0x0, 0x0, 0xd, 0xff, 0xf3, 0x0,
    0x0, 0x0, 0x0, 0x0, 0xaf, 0xff, 0x80, 0x0,
    0x0, 0x0, 0x0, 0x4, 0xff, 0xfd, 0x0, 0x0,
    0x0, 0x0, 0x0, 0xe, 0xff, 0xf3, 0x0, 0x0,
    0x0, 0x0, 0x0, 0x8f, 0xff, 0xa0, 0x0, 0x0,
    0x0, 0x0, 0x1, 0xff, 0xff, 0x20, 0x0, 0x0,
    0x0, 0x0, 0x8, 0xff, 0xfa, 0x0, 0x0, 0x0,
    0x0, 0x0, 0xf, 0xff, 0xf4, 0x0, 0x0, 0x0,
    0x0, 0x0, 0x5f, 0xff, 0xe0, 0x0, 0x0, 0x0,
    0x0, 0x0, 0xbf, 0xff, 0x90, 0x0, 0x0, 0x0,
    0x0, 0x0, 0xff, 0xff, 0x50, 0x0, 0x0, 0x0,
    0x0, 0x3, 0xff, 0xff, 0x20, 0x0, 0x0, 0x0,
    0x0, 0x5, 0xff, 0xff, 0x10, 0x0, 0x0, 0x0,
    0x0, 0x7, 0xff, 0xff, 0x0, 0x0, 0x0, 0x0,
    0x0, 0x8, 0xff, 0xff, 0x0, 0x0, 0x0, 0x0,

    /* U+0038 "8" */
    0x0, 0x1, 0x7b, 0xef, 0xfe, 0xb6, 0x0, 0x0,
    0x0, 0x5f, 0xff, 0xff, 0xff, 0xff, 0xe3, 0x0,
    0x4, 0xff, 0xff, 0xff, 0xff, 0xff, 0xff, 0x20,
    0xc, 0xff, 0xfe, 0x62, 0x36, 0xef, 0xff, 0xa0,
    0xf, 0xff, 0xf2, 0x0, 0x0, 0x4f, 0xff, 0xe0,
    0x1f, 0xff, 0xe0, 0x0, 0x0, 0xf, 0xff, 0xf0,
    0xe, 0xff, 0xf2, 0x0, 0x0, 0x4f, 0xff, 0xc0,
    0x7, 0xff, 0xfd, 0x52, 0x26, 0xef, 0xff, 0x50,
    0x0, 0xaf, 0xff, 0xff, 0xff, 0xff, 0xf8, 0x0,
    0x0, 0x1c, 0xff, 0xff, 0xff, 0xff, 0xb0, 0x0,
    0x3, 0xef, 0xff, 0xff, 0xff, 0xff, 0xfd, 0x20,
    0x1e, 0xff, 0xfb, 0x30, 0x4, 0xdf, 0xff, 0xd0,
    0x7f, 0xff, 0xd0, 0x0, 0x0, 0x1f, 0xff, 0xf4,
    0xaf, 0xff, 0x90, 0x0, 0x0, 0xb, 0xff, 0xf8,
    0xaf, 0xff, 0x90, 0x0, 0x0, 0xc, 0xff, 0xf8,
    0x8f, 0xff, 0xe1, 0x0, 0x0, 0x2f, 0xff, 0xf6,
    0x3f, 0xff, 0xfd, 0x63, 0x37, 0xef, 0xff, 0xf1,
    0xa, 0xff, 0xff, 0xff, 0xff, 0xff, 0xff, 0x70,
    0x0, 0x9f, 0xff, 0xff, 0xff, 0xff, 0xf7, 0x0,
    0x0, 0x2, 0x8c, 0xef, 0xfe, 0xc7, 0x10, 0x0,

    /* U+0039 "9" */
    0x0, 0x2, 0x8c, 0xff, 0xfd, 0x93, 0x0, 0x0,
    0x0, 0x8f, 0xff, 0xff, 0xff, 0xff, 0xa0, 0x0,
    0x9, 0xff, 0xff, 0xff, 0xff, 0xff, 0xfa, 0x0,
    0x3f, 0xff, 0xfc, 0x53, 0x39, 0xff, 0xff, 0x40,
    0x9f, 0xff, 0xd0, 0x0, 0x0, 0x7f, 0xff, 0xb0,
    0xbf, 0xff, 0x80, 0x0, 0x0, 0x1f, 0xff, 0xf0,
    0xbf, 0xff, 0x70, 0x0, 0x0, 0x1f, 0xff, 0xf3,
    0x9f, 0xff, 0xc0, 0x0, 0x0, 0x6f, 0xff, 0xf5,
    0x5f, 0xff, 0xfa, 0x20, 0x16, 0xff, 0xff, 0xf6,
    0xc, 0xff, 0xff, 0xff, 0xff, 0xff, 0xff, 0xf6,
    0x1, 0xdf, 0xff, 0xff, 0xff, 0xce, 0xff, 0xf6,
    0x0, 0x7, 0xcf, 0xff, 0xc6, 0xe, 0xff, 0xf5,
    0x0, 0x0, 0x0, 0x0, 0x0, 0xf, 0xff, 0xf3,
    0x1a, 0xaa, 0xa0, 0x0, 0x0, 0x1f, 0xff, 0xf1,
    0xf, 0xff, 0xf0, 0x0, 0x0, 0x5f, 0xff, 0xd0,
    0xd, 0xff, 0xf6, 0x0, 0x0, 0xbf, 0xff, 0x90,
    0x8, 0xff, 0xff, 0x73, 0x4b, 0xff, 0xff, 0x20,
    0x0, 0xef, 0xff, 0xff, 0xff, 0xff, 0xf8, 0x0,
    0x0, 0x2d, 0xff, 0xff, 0xff, 0xff, 0x90, 0x0,
    0x0, 0x0, 0x6c, 0xef, 0xfd, 0x93, 0x0, 0x0,

    /* U+003A ":" */
    0x2f, 0xff, 0xf3, 0x2f, 0xff, 0xf3, 0x2f, 0xff,
    0xf3, 0x2f, 0xff, 0xf3, 0x4, 0x44, 0x40, 0x0,
    0x0, 0x0, 0x0, 0x0, 0x0, 0x0, 0x0, 0x0,
    0x0, 0x0, 0x0, 0x0, 0x0, 0x0, 0x0, 0x0,
    0x0, 0x4, 0x44, 0x40, 0x2f, 0xff, 0xf3, 0x2f,
    0xff, 0xf3, 0x2f, 0xff, 0xf3, 0x2f, 0xff, 0xf3,

    /* U+003B ";" */
    0x1f, 0xff, 0xf4, 0x1f, 0xff, 0xf4, 0x1f, 0xff,
    0xf4, 0x1f, 0xff, 0xf4, 0x4, 0x44, 0x41, 0x0,
    0x0, 0x0, 0x0, 0x0, 0x0, 0x0, 0x0, 0x0,
    0x0, 0x0, 0x0, 0x0, 0x0, 0x0, 0x0, 0x0,
    0x0, 0x4, 0x44, 0x41, 0x1f, 0xff, 0xf4, 0x1f,
    0xff, 0xf4, 0x1f, 0xff, 0xf4, 0x1f, 0xff, 0xf4,
    0x0, 0xf, 0xf3, 0x0, 0x3f, 0xf0, 0x1, 0xcf,
    0x90, 0x3e, 0xfd, 0x10, 0x4d, 0x70, 0x0, 0x0,
    0x0, 0x0,

    /* U+003C "<" */
    0x0, 0x0, 0x0, 0x0, 0x0, 0x0, 0x1, 0x30,
    0x0, 0x0, 0x0, 0x0, 0x0, 0x4a, 0xf9, 0x0,
    0x0, 0x0, 0x0, 0x17, 0xdf, 0xff, 0x90, 0x0,
    0x0, 0x3, 0xaf, 0xff, 0xff, 0xf9, 0x0, 0x0,
    0x6d, 0xff, 0xff, 0xff, 0xc6, 0x0, 0x39, 0xff,
    0xff, 0xff, 0xe8, 0x20, 0x0, 0xcf, 0xff, 0xff,
    0xfb, 0x40, 0x0, 0x0, 0xf, 0xff, 0xfd, 0x71,
    0x0, 0x0, 0x0, 0x0, 0xff, 0xfd, 0x40, 0x0,
    0x0, 0x0, 0x0, 0xf, 0xff, 0xff, 0xe8, 0x20,
    0x0, 0x0, 0x0, 0x5b, 0xff, 0xff, 0xff, 0xc6,
    0x0, 0x0, 0x0, 0x2, 0x8e, 0xff, 0xff, 0xff,
    0xa4, 0x0, 0x0, 0x0, 0x5, 0xbf, 0xff, 0xff,
    0xfd, 0x50, 0x0, 0x0, 0x0, 0x28, 0xef, 0xff,
    0xf9, 0x0, 0x0, 0x0, 0x0, 0x0, 0x5c, 0xff,
    0x90, 0x0, 0x0, 0x0, 0x0, 0x0, 0x2, 0x88,

    /* U+003D "=" */
    0x12, 0x22, 0x22, 0x22, 0x22, 0x22, 0x22, 0x1a,
    0xff, 0xff, 0xff, 0xff, 0xff, 0xff, 0xfe, 0xaf,
    0xff, 0xff, 0xff, 0xff, 0xff, 0xff, 0xea, 0xff,
    0xff, 0xff, 0xff, 0xff, 0xff, 0xfe, 0x0, 0x0,
    0x0, 0x0, 0x0, 0x0, 0x0, 0x0, 0x0, 0x0,
    0x0, 0x0, 0x0, 0x0, 0x0, 0x12, 0x22, 0x22,
    0x22, 0x22, 0x22, 0x22, 0x1a, 0xff, 0xff, 0xff,
    0xff, 0xff, 0xff, 0xfe, 0xaf, 0xff, 0xff, 0xff,
    0xff, 0xff, 0xff, 0xea, 0xff, 0xff, 0xff, 0xff,
    0xff, 0xff, 0xfe,

    /* U+003E ">" */
    0x22, 0x0, 0x0, 0x0, 0x0, 0x0, 0x0, 0x0,
    0x5f, 0xc5, 0x0, 0x0, 0x0, 0x0, 0x0, 0x0,
    0x5f, 0xff, 0xe8, 0x20, 0x0, 0x0, 0x0, 0x0,
    0x5f, 0xff, 0xff, 0xfb, 0x50, 0x0, 0x0, 0x0,
    0x5, 0xbf, 0xff, 0xff, 0xfe, 0x81, 0x0, 0x0,
    0x0, 0x1, 0x7d, 0xff, 0xff, 0xff, 0xb4, 0x0,
    0x0, 0x0, 0x0, 0x39, 0xff, 0xff, 0xff, 0xe1,
    0x0, 0x0, 0x0, 0x0, 0x5, 0xbf, 0xff, 0xf3,
    0x0, 0x0, 0x0, 0x0, 0x0, 0x3b, 0xff, 0xf3,
    0x0, 0x0, 0x0, 0x1, 0x7d, 0xff, 0xff, 0xf3,
    0x0, 0x0, 0x4, 0xaf, 0xff, 0xff, 0xfd, 0x60,
    0x0, 0x28, 0xef, 0xff, 0xff, 0xfa, 0x30, 0x0,
    0x3c, 0xff, 0xff, 0xff, 0xd6, 0x10, 0x0, 0x0,
    0x5f, 0xff, 0xff, 0xa3, 0x0, 0x0, 0x0, 0x0,
    0x5f, 0xfd, 0x71, 0x0, 0x0, 0x0, 0x0, 0x0,
    0x5a, 0x40, 0x0, 0x0, 0x0, 0x0, 0x0, 0x0,

    /* U+003F "?" */
    0x0, 0x0, 0x5a, 0xdf, 0xff, 0xd9, 0x30, 0x0,
    0x0, 0x3d, 0xff, 0xff, 0xff, 0xff, 0xf9, 0x0,
    0x2, 0xff, 0xff, 0xff, 0xff, 0xff, 0xff, 0x80,
    0xb, 0xff, 0xff, 0xa6, 0x69, 0xff, 0xff, 0xf1,
    0x1f, 0xff, 0xf7, 0x0, 0x0, 0x7f, 0xff, 0xf5,
    0x3f, 0xff, 0xf1, 0x0, 0x0, 0x2f, 0xff, 0xf5,
    0x2d, 0xdd, 0xd0, 0x0, 0x0, 0x4f, 0xff, 0xf3,
    0x0, 0x0, 0x0, 0x0, 0x1, 0xdf, 0xff, 0xd0,
    0x0, 0x0, 0x0, 0x0, 0x3e, 0xff, 0xff, 0x40,
    0x0, 0x0, 0x0, 0x5, 0xff, 0xff, 0xf4, 0x0,
    0x0, 0x0, 0x0, 0x2f, 0xff, 0xfc, 0x20, 0x0,
    0x0, 0x0, 0x0, 0x9f, 0xff, 0xb0, 0x0, 0x0,
    0x0, 0x0, 0x0, 0xcf, 0xff, 0x10, 0x0, 0x0,
    0x0, 0x0, 0x0, 0xcf, 0xff, 0x0, 0x0, 0x0,
    0x0, 0x0, 0x0, 0x0, 0x0, 0x0, 0x0, 0x0,
    0x0, 0x0, 0x0, 0x22, 0x22, 0x0, 0x0, 0x0,
    0x0, 0x0, 0x0, 0xff, 0xff, 0x30, 0x0, 0x0,
    0x0, 0x0, 0x0, 0xff, 0xff, 0x30, 0x0, 0x0,
    0x0, 0x0, 0x0, 0xff, 0xff, 0x30, 0x0, 0x0,
    0x0, 0x0, 0x0, 0xff, 0xff, 0x30, 0x0, 0x0,

    /* U+0040 "@" */
    0x0, 0x0, 0x0, 0x0, 0x27, 0xad, 0xef, 0xff,
    0xec, 0xa7, 0x20, 0x0, 0x0, 0x0, 0x0, 0x0,
    0x0, 0x6d, 0xff, 0xff, 0xff, 0xff, 0xff, 0xff,
    0xfc, 0x50, 0x0, 0x0, 0x0, 0x0, 0x3d, 0xff,
    0xff, 0xb8, 0x65, 0x55, 0x68, 0xcf, 0xff, 0xfc,
    0x10, 0x0, 0x0, 0x5, 0xff, 0xfc, 0x50, 0x0,
    0x0, 0x0, 0x0, 0x1, 0x6e, 0xff, 0xe2, 0x0,
    0x0, 0x3f, 0xff, 0x70, 0x0, 0x28, 0xdf, 0xff,
    0xc7, 0x10, 0x0, 0xaf, 0xfd, 0x0, 0x0, 0xef,
    0xf5, 0x0, 0x5, 0xff, 0xff, 0xff, 0xff, 0xe2,
    0x0, 0xa, 0xff, 0x80, 0x7, 0xff, 0x80, 0x0,
    0x1f, 0xff, 0xfc, 0xbd, 0xff, 0xfb, 0x0, 0x0,
    0xef, 0xf0, 0xe, 0xfe, 0x0, 0x0, 0x6f, 0xff,
    0x40, 0x0, 0xbf, 0xff, 0x0, 0x0, 0x7f, 0xf4,
    0x3f, 0xf8, 0x0, 0x0, 0x4b, 0xbb, 0x0, 0x0,
    0x6f, 0xff, 0x10, 0x0, 0x3f, 0xf8, 0x6f, 0xf4,
    0x0, 0x0, 0x0, 0x0, 0x0, 0x0, 0x6f, 0xff,
    0x20, 0x0, 0xf, 0xfa, 0x9f, 0xf1, 0x0, 0x0,
    0x0, 0x16, 0xad, 0xef, 0xff, 0xff, 0x20, 0x0,
    0xf, 0xfa, 0xaf, 0xf0, 0x0, 0x0, 0x7, 0xff,
    0xff, 0xff, 0xff, 0xff, 0x20, 0x0, 0xf, 0xfa,
    0xaf, 0xf0, 0x0, 0x0, 0x6f, 0xff, 0xfb, 0x87,
    0xaf, 0xff, 0x20, 0x0, 0x2f, 0xf8, 0x9f, 0xf0,
    0x0, 0x0, 0xef, 0xfd, 0x10, 0x0, 0x6f, 0xff,
    0x20, 0x0, 0x5f, 0xf5, 0x8f, 0xf2, 0x0, 0x2,
    0xff, 0xf7, 0x0, 0x0, 0xaf, 0xff, 0x20, 0x0,
    0xbf, 0xf1, 0x5f, 0xf5, 0x0, 0x1, 0xff, 0xfa,
    0x0, 0x4, 0xff, 0xff, 0x20, 0x7, 0xff, 0x90,
    0x2f, 0xfa, 0x0, 0x0, 0xef, 0xff, 0xb9, 0xbf,
    0xff, 0xff, 0xd9, 0xdf, 0xfd, 0x0, 0xc, 0xff,
    0x20, 0x0, 0x5f, 0xff, 0xff, 0xff, 0x8c, 0xff,
    0xff, 0xff, 0xc1, 0x0, 0x5, 0xff, 0xb0, 0x0,
    0x4, 0xbe, 0xfe, 0xb4, 0x1, 0x9e, 0xfe, 0xb5,
    0x0, 0x0, 0x0, 0xbf, 0xfa, 0x0, 0x0, 0x0,
    0x0, 0x0, 0x0, 0x0, 0x0, 0x0, 0x0, 0x0,
    0x0, 0x1d, 0xff, 0xd5, 0x0, 0x0, 0x0, 0x0,
    0x0, 0x0, 0x0, 0x0, 0x0, 0x0, 0x0, 0x1,
    0xcf, 0xff, 0xfb, 0x86, 0x55, 0x67, 0xac, 0xf0,
    0x0, 0x0, 0x0, 0x0, 0x0, 0x0, 0x6, 0xdf,
    0xff, 0xff, 0xff, 0xff, 0xff, 0xf0, 0x0, 0x0,
    0x0, 0x0, 0x0, 0x0, 0x0, 0x3, 0x7b, 0xdf,
    0xff, 0xfd, 0xb8, 0x40, 0x0, 0x0, 0x0, 0x0,

    /* U+0041 "A" */
    0x0, 0x0, 0x0, 0x1, 0xff, 0xff, 0xfd, 0x0,
    0x0, 0x0, 0x0, 0x0, 0x0, 0x0, 0x8, 0xff,
    0xff, 0xff, 0x30, 0x0, 0x0, 0x0, 0x0, 0x0,
    0x0, 0xe, 0xff, 0xff, 0xff, 0x90, 0x0, 0x0,
    0x0, 0x0, 0x0, 0x0, 0x4f, 0xff, 0xff, 0xff,
    0xf0, 0x0, 0x0, 0x0, 0x0, 0x0, 0x0, 0xaf,
    0xff, 0x7e, 0xff, 0xf6, 0x0, 0x0, 0x0, 0x0,
    0x0, 0x1, 0xff, 0xff, 0x19, 0xff, 0xfc, 0x0,
    0x0, 0x0, 0x0, 0x0, 0x7, 0xff, 0xfc, 0x4,
    0xff, 0xff, 0x30, 0x0, 0x0, 0x0, 0x0, 0xd,
    0xff, 0xf6, 0x0, 0xef, 0xff, 0x90, 0x0, 0x0,
    0x0, 0x0, 0x4f, 0xff, 0xf1, 0x0, 0x8f, 0xff,
    0xf0, 0x0, 0x0, 0x0, 0x0, 0xaf, 0xff, 0xa0,
    0x0, 0x2f, 0xff, 0xf6, 0x0, 0x0, 0x0, 0x1,
    0xff, 0xff, 0x40, 0x0, 0xc, 0xff, 0xfc, 0x0,
    0x0, 0x0, 0x7, 0xff, 0xfe, 0x0, 0x0, 0x6,
    0xff, 0xff, 0x20, 0x0, 0x0, 0xd, 0xff, 0xfd,
    0x99, 0x99, 0x99, 0xff, 0xff, 0x90, 0x0, 0x0,
    0x3f, 0xff, 0xff, 0xff, 0xff, 0xff, 0xff, 0xff,
    0xf0, 0x0, 0x0, 0xaf, 0xff, 0xff, 0xff, 0xff,
    0xff, 0xff, 0xff, 0xf5, 0x0, 0x1, 0xff, 0xff,
    0xff, 0xff, 0xff, 0xff, 0xff, 0xff, 0xfc, 0x0,
    0x6, 0xff, 0xff, 0x10, 0x0, 0x0, 0x0, 0x9,
    0xff, 0xff, 0x20, 0xd, 0xff, 0xfb, 0x0, 0x0,
    0x0, 0x0, 0x3, 0xff, 0xff, 0x80, 0x3f, 0xff,
    0xf5, 0x0, 0x0, 0x0, 0x0, 0x0, 0xdf, 0xff,
    0xe0, 0x9f, 0xff, 0xf0, 0x0, 0x0, 0x0, 0x0,
    0x0, 0x7f, 0xff, 0xf5,

    /* U+0042 "B" */
    0xbf, 0xff, 0xff, 0xff, 0xff, 0xff, 0xfd, 0x92,
    0x0, 0xb, 0xff, 0xff, 0xff, 0xff, 0xff, 0xff,
    0xff, 0xf4, 0x0, 0xbf, 0xff, 0xff, 0xff, 0xff,
    0xff, 0xff, 0xff, 0xf2, 0xb, 0xff, 0xfe, 0x88,
    0x88, 0x88, 0xaf, 0xff, 0xff, 0x80, 0xbf, 0xff,
    0xc0, 0x0, 0x0, 0x0, 0x3f, 0xff, 0xfb, 0xb,
    0xff, 0xfc, 0x0, 0x0, 0x0, 0x0, 0xdf, 0xff,
    0xb0, 0xbf, 0xff, 0xc0, 0x0, 0x0, 0x0, 0xe,
    0xff, 0xf8, 0xb, 0xff, 0xfc, 0x0, 0x0, 0x0,
    0x1a, 0xff, 0xfe, 0x10, 0xbf, 0xff, 0xff, 0xff,
    0xff, 0xff, 0xff, 0xfe, 0x30, 0xb, 0xff, 0xff,
    0xff, 0xff, 0xff, 0xff, 0xfc, 0x20, 0x0, 0xbf,
    0xff, 0xff, 0xff, 0xff, 0xff, 0xff, 0xff, 0x70,
    0xb, 0xff, 0xfd, 0x77, 0x77, 0x77, 0x7c, 0xff,
    0xff, 0x70, 0xbf, 0xff, 0xc0, 0x0, 0x0, 0x0,
    0xa, 0xff, 0xff, 0xb, 0xff, 0xfc, 0x0, 0x0,
    0x0, 0x0, 0x5f, 0xff, 0xf4, 0xbf, 0xff, 0xc0,
    0x0, 0x0, 0x0, 0x5, 0xff, 0xff, 0x5b, 0xff,
    0xfc, 0x0, 0x0, 0x0, 0x0, 0xcf, 0xff, 0xf4,
    0xbf, 0xff, 0xea, 0xaa, 0xaa, 0xaa, 0xef, 0xff,
    0xff, 0xb, 0xff, 0xff, 0xff, 0xff, 0xff, 0xff,
    0xff, 0xff, 0x70, 0xbf, 0xff, 0xff, 0xff, 0xff,
    0xff, 0xff, 0xff, 0x90, 0xb, 0xff, 0xff, 0xff,
    0xff, 0xff, 0xff, 0xea, 0x30, 0x0,

    /* U+0043 "C" */
    0x0, 0x0, 0x1, 0x7b, 0xef, 0xff, 0xda, 0x61,
    0x0, 0x0, 0x0, 0x1, 0x9f, 0xff, 0xff, 0xff,
    0xff, 0xff, 0x70, 0x0, 0x0, 0x2d, 0xff, 0xff,
    0xff, 0xff, 0xff, 0xff, 0xfb, 0x0, 0x0, 0xdf,
    0xff, 0xff, 0xeb, 0xab, 0xef, 0xff, 0xff, 0x90,
    0x8, 0xff, 0xff, 0xd4, 0x0, 0x0, 0x6, 0xff,
    0xff, 0xf2, 0xe, 0xff, 0xfe, 0x10, 0x0, 0x0,
    0x0, 0x5f, 0xff, 0xf7, 0x4f, 0xff, 0xf7, 0x0,
    0x0, 0x0, 0x0, 0xe, 0xff, 0xfb, 0x7f, 0xff,
    0xf3, 0x0, 0x0, 0x0, 0x0, 0x8, 0xbb, 0xb8,
    0x9f, 0xff, 0xf0, 0x0, 0x0, 0x0, 0x0, 0x0,
    0x0, 0x0, 0xaf, 0xff, 0xf0, 0x0, 0x0, 0x0,
    0x0, 0x0, 0x0, 0x0, 0xaf, 0xff, 0xf0, 0x0,
    0x0, 0x0, 0x0, 0x0, 0x0, 0x0, 0x9f, 0xff,
    0xf0, 0x0, 0x0, 0x0, 0x0, 0x0, 0x0, 0x0,
    0x7f, 0xff, 0xf3, 0x0, 0x0, 0x0, 0x0, 0x6,
    0xaa, 0xa8, 0x4f, 0xff, 0xf8, 0x0, 0x0, 0x0,
    0x0, 0xb, 0xff, 0xfb, 0xf, 0xff, 0xfe, 0x10,
    0x0, 0x0, 0x0, 0x2f, 0xff, 0xf8, 0x8, 0xff,
    0xff, 0xe4, 0x0, 0x0, 0x4, 0xef, 0xff, 0xf2,
    0x0, 0xef, 0xff, 0xff, 0xdb, 0xab, 0xef, 0xff,
    0xff, 0xa0, 0x0, 0x2e, 0xff, 0xff, 0xff, 0xff,
    0xff, 0xff, 0xfc, 0x0, 0x0, 0x1, 0xaf, 0xff,
    0xff, 0xff, 0xff, 0xff, 0x80, 0x0, 0x0, 0x0,
    0x2, 0x7b, 0xef, 0xff, 0xdb, 0x61, 0x0, 0x0,

    /* U+0044 "D" */
    0xbf, 0xff, 0xff, 0xff, 0xff, 0xec, 0x82, 0x0,
    0x0, 0xb, 0xff, 0xff, 0xff, 0xff, 0xff, 0xff,
    0xfb, 0x20, 0x0, 0xbf, 0xff, 0xff, 0xff, 0xff,
    0xff, 0xff, 0xff, 0x30, 0xb, 0xff, 0xfe, 0xaa,
    0xaa, 0xbd, 0xff, 0xff, 0xfe, 0x10, 0xbf, 0xff,
    0xc0, 0x0, 0x0, 0x3, 0xdf, 0xff, 0xfa, 0xb,
    0xff, 0xfc, 0x0, 0x0, 0x0, 0x1, 0xdf, 0xff,
    0xf1, 0xbf, 0xff, 0xc0, 0x0, 0x0, 0x0, 0x5,
    0xff, 0xff, 0x6b, 0xff, 0xfc, 0x0, 0x0, 0x0,
    0x0, 0xf, 0xff, 0xf9, 0xbf, 0xff, 0xc0, 0x0,
    0x0, 0x0, 0x0, 0xdf, 0xff, 0xbb, 0xff, 0xfc,
    0x0, 0x0, 0x0, 0x0, 0xc, 0xff, 0xfc, 0xbf,
    0xff, 0xc0, 0x0, 0x0, 0x0, 0x0, 0xcf, 0xff,
    0xcb, 0xff, 0xfc, 0x0, 0x0, 0x0, 0x0, 0xd,
    0xff, 0xfb, 0xbf, 0xff, 0xc0, 0x0, 0x0, 0x0,
    0x0, 0xff, 0xff, 0x9b, 0xff, 0xfc, 0x0, 0x0,
    0x0, 0x0, 0x5f, 0xff, 0xf6, 0xbf, 0xff, 0xc0,
    0x0, 0x0, 0x0, 0x1d, 0xff, 0xff, 0x1b, 0xff,
    0xfc, 0x0, 0x0, 0x0, 0x3d, 0xff, 0xff, 0xa0,
    0xbf, 0xff, 0xea, 0xaa, 0xab, 0xef, 0xff, 0xff,
    0xe1, 0xb, 0xff, 0xff, 0xff, 0xff, 0xff, 0xff,
    0xff, 0xf3, 0x0, 0xbf, 0xff, 0xff, 0xff, 0xff,
    0xff, 0xff, 0xb2, 0x0, 0xb, 0xff, 0xff, 0xff,
    0xff, 0xfe, 0xc8, 0x30, 0x0, 0x0,

    /* U+0045 "E" */
    0xbf, 0xff, 0xff, 0xff, 0xff, 0xff, 0xff, 0xff,
    0xbb, 0xff, 0xff, 0xff, 0xff, 0xff, 0xff, 0xff,
    0xfb, 0xbf, 0xff, 0xff, 0xff, 0xff, 0xff, 0xff,
    0xff, 0xbb, 0xff, 0xfe, 0xaa, 0xaa, 0xaa, 0xaa,
    0xaa, 0xa7, 0xbf, 0xff, 0xc0, 0x0, 0x0, 0x0,
    0x0, 0x0, 0xb, 0xff, 0xfc, 0x0, 0x0, 0x0,
    0x0, 0x0, 0x0, 0xbf, 0xff, 0xc0, 0x0, 0x0,
    0x0, 0x0, 0x0, 0xb, 0xff, 0xfc, 0x0, 0x0,
    0x0, 0x0, 0x0, 0x0, 0xbf, 0xff, 0xff, 0xff,
    0xff, 0xff, 0xff, 0xf5, 0xb, 0xff, 0xff, 0xff,
    0xff, 0xff, 0xff, 0xff, 0x50, 0xbf, 0xff, 0xff,
    0xff, 0xff, 0xff, 0xff, 0xf5, 0xb, 0xff, 0xfe,
    0x99, 0x99, 0x99, 0x99, 0x99, 0x30, 0xbf, 0xff,
    0xc0, 0x0, 0x0, 0x0, 0x0, 0x0, 0xb, 0xff,
    0xfc, 0x0, 0x0, 0x0, 0x0, 0x0, 0x0, 0xbf,
    0xff, 0xc0, 0x0, 0x0, 0x0, 0x0, 0x0, 0xb,
    0xff, 0xfc, 0x0, 0x0, 0x0, 0x0, 0x0, 0x0,
    0xbf, 0xff, 0xea, 0xaa, 0xaa, 0xaa, 0xaa, 0xaa,
    0x9b, 0xff, 0xff, 0xff, 0xff, 0xff, 0xff, 0xff,
    0xfe, 0xbf, 0xff, 0xff, 0xff, 0xff, 0xff, 0xff,
    0xff, 0xeb, 0xff, 0xff, 0xff, 0xff, 0xff, 0xff,
    0xff, 0xfe,

    /* U+0046 "F" */
    0xbf, 0xff, 0xff, 0xff, 0xff, 0xff, 0xff, 0xf7,
    0xbf, 0xff, 0xff, 0xff, 0xff, 0xff, 0xff, 0xf7,
    0xbf, 0xff, 0xff, 0xff, 0xff, 0xff, 0xff, 0xf7,
    0xbf, 0xff, 0xea, 0xaa, 0xaa, 0xaa, 0xaa, 0xa4,
    0xbf, 0xff, 0xc0, 0x0, 0x0, 0x0, 0x0, 0x0,
    0xbf, 0xff, 0xc0, 0x0, 0x0, 0x0, 0x0, 0x0,
    0xbf, 0xff, 0xc0, 0x0, 0x0, 0x0, 0x0, 0x0,
    0xbf, 0xff, 0xc0, 0x0, 0x0, 0x0, 0x0, 0x0,
    0xbf, 0xff, 0xe9, 0x99, 0x99, 0x99, 0x99, 0x30,
    0xbf, 0xff, 0xff, 0xff, 0xff, 0xff, 0xff, 0x50,
    0xbf, 0xff, 0xff, 0xff, 0xff, 0xff, 0xff, 0x50,
    0xbf, 0xff, 0xff, 0xff, 0xff, 0xff, 0xff, 0x50,
    0xbf, 0xff, 0xc0, 0x0, 0x0, 0x0, 0x0, 0x0,
    0xbf, 0xff, 0xc0, 0x0, 0x0, 0x0, 0x0, 0x0,
    0xbf, 0xff, 0xc0, 0x0, 0x0, 0x0, 0x0, 0x0,
    0xbf, 0xff, 0xc0, 0x0, 0x0, 0x0, 0x0, 0x0,
    0xbf, 0xff, 0xc0, 0x0, 0x0, 0x0, 0x0, 0x0,
    0xbf, 0xff, 0xc0, 0x0, 0x0, 0x0, 0x0, 0x0,
    0xbf, 0xff, 0xc0, 0x0, 0x0, 0x0, 0x0, 0x0,
    0xbf, 0xff, 0xc0, 0x0, 0x0, 0x0, 0x0, 0x0,

    /* U+0047 "G" */
    0x0, 0x0, 0x0, 0x59, 0xce, 0xff, 0xfd, 0xb7,
    0x20, 0x0, 0x0, 0x0, 0x0, 0x6e, 0xff, 0xff,
    0xff, 0xff, 0xff, 0xfb, 0x20, 0x0, 0x0, 0xb,
    0xff, 0xff, 0xff, 0xff, 0xff, 0xff, 0xff, 0xf4,
    0x0, 0x0, 0x9f, 0xff, 0xff, 0xfc, 0xaa, 0xbd,
    0xff, 0xff, 0xff, 0x20, 0x4, 0xff, 0xff, 0xf8,
    0x10, 0x0, 0x0, 0x3b, 0xff, 0xff, 0xa0, 0xb,
    0xff, 0xff, 0x60, 0x0, 0x0, 0x0, 0x0, 0xdf,
    0xff, 0xe0, 0x1f, 0xff, 0xfc, 0x0, 0x0, 0x0,
    0x0, 0x0, 0x5a, 0xaa, 0xa0, 0x4f, 0xff, 0xf6,
    0x0, 0x0, 0x0, 0x0, 0x0, 0x0, 0x0, 0x0,
    0x6f, 0xff, 0xf3, 0x0, 0x0, 0x48, 0x88, 0x88,
    0x88, 0x88, 0x80, 0x7f, 0xff, 0xf2, 0x0, 0x0,
    0x9f, 0xff, 0xff, 0xff, 0xff, 0xf0, 0x7f, 0xff,
    0xf2, 0x0, 0x0, 0x9f, 0xff, 0xff, 0xff, 0xff,
    0xf0, 0x6f, 0xff, 0xf3, 0x0, 0x0, 0x9f, 0xff,
    0xff, 0xff, 0xff, 0xf0, 0x4f, 0xff, 0xf6, 0x0,
    0x0, 0x0, 0x0, 0x0, 0x7f, 0xff, 0xf0, 0x1f,
    0xff, 0xfb, 0x0, 0x0, 0x0, 0x0, 0x0, 0xaf,
    0xff, 0xf0, 0xc, 0xff, 0xff, 0x40, 0x0, 0x0,
    0x0, 0x4, 0xff, 0xff, 0xf0, 0x5, 0xff, 0xff,
    0xf7, 0x0, 0x0, 0x0, 0x7f, 0xff, 0xff, 0xf0,
    0x0, 0xbf, 0xff, 0xff, 0xfc, 0xaa, 0xbf, 0xff,
    0xff, 0xff, 0xf0, 0x0, 0x1c, 0xff, 0xff, 0xff,
    0xff, 0xff, 0xff, 0xfd, 0xff, 0xf0, 0x0, 0x0,
    0x8f, 0xff, 0xff, 0xff, 0xff, 0xff, 0x72, 0xff,
    0xf0, 0x0, 0x0, 0x1, 0x6b, 0xdf, 0xff, 0xeb,
    0x71, 0x0, 0xff, 0xf0,

    /* U+0048 "H" */
    0xbf, 0xff, 0xc0, 0x0, 0x0, 0x0, 0x2, 0xff,
    0xff, 0x5b, 0xff, 0xfc, 0x0, 0x0, 0x0, 0x0,
    0x2f, 0xff, 0xf5, 0xbf, 0xff, 0xc0, 0x0, 0x0,
    0x0, 0x2, 0xff, 0xff, 0x5b, 0xff, 0xfc, 0x0,
    0x0, 0x0, 0x0, 0x2f, 0xff, 0xf5, 0xbf, 0xff,
    0xc0, 0x0, 0x0, 0x0, 0x2, 0xff, 0xff, 0x5b,
    0xff, 0xfc, 0x0, 0x0, 0x0, 0x0, 0x2f, 0xff,
    0xf5, 0xbf, 0xff, 0xc0, 0x0, 0x0, 0x0, 0x2,
    0xff, 0xff, 0x5b, 0xff, 0xfc, 0x0, 0x0, 0x0,
    0x0, 0x2f, 0xff, 0xf5, 0xbf, 0xff, 0xff, 0xff,
    0xff, 0xff, 0xff, 0xff, 0xff, 0x5b, 0xff, 0xff,
    0xff, 0xff, 0xff, 0xff, 0xff, 0xff, 0xf5, 0xbf,
    0xff, 0xff, 0xff, 0xff, 0xff, 0xff, 0xff, 0xff,
    0x5b, 0xff, 0xff, 0xcc, 0xcc, 0xcc, 0xcc, 0xcf,
    0xff, 0xf5, 0xbf, 0xff, 0xc0, 0x0, 0x0, 0x0,
    0x2, 0xff, 0xff, 0x5b, 0xff, 0xfc, 0x0, 0x0,
    0x0, 0x0, 0x2f, 0xff, 0xf5, 0xbf, 0xff, 0xc0,
    0x0, 0x0, 0x0, 0x2, 0xff, 0xff, 0x5b, 0xff,
    0xfc, 0x0, 0x0, 0x0, 0x0, 0x2f, 0xff, 0xf5,
    0xbf, 0xff, 0xc0, 0x0, 0x0, 0x0, 0x2, 0xff,
    0xff, 0x5b, 0xff, 0xfc, 0x0, 0x0, 0x0, 0x0,
    0x2f, 0xff, 0xf5, 0xbf, 0xff, 0xc0, 0x0, 0x0,
    0x0, 0x2, 0xff, 0xff, 0x5b, 0xff, 0xfc, 0x0,
    0x0, 0x0, 0x0, 0x2f, 0xff, 0xf5,

    /* U+0049 "I" */
    0xbf, 0xff, 0xcb, 0xff, 0xfc, 0xbf, 0xff, 0xcb,
    0xff, 0xfc, 0xbf, 0xff, 0xcb, 0xff, 0xfc, 0xbf,
    0xff, 0xcb, 0xff, 0xfc, 0xbf, 0xff, 0xcb, 0xff,
    0xfc, 0xbf, 0xff, 0xcb, 0xff, 0xfc, 0xbf, 0xff,
    0xcb, 0xff, 0xfc, 0xbf, 0xff, 0xcb, 0xff, 0xfc,
    0xbf, 0xff, 0xcb, 0xff, 0xfc, 0xbf, 0xff, 0xcb,
    0xff, 0xfc,

    /* U+004A "J" */
    0x0, 0x0, 0x0, 0x0, 0x0, 0x9, 0xff, 0xfe,
    0x0, 0x0, 0x0, 0x0, 0x0, 0x9, 0xff, 0xfe,
    0x0, 0x0, 0x0, 0x0, 0x0, 0x9, 0xff, 0xfe,
    0x0, 0x0, 0x0, 0x0, 0x0, 0x9, 0xff, 0xfe,
    0x0, 0x0, 0x0, 0x0, 0x0, 0x9, 0xff, 0xfe,
    0x0, 0x0, 0x0, 0x0, 0x0, 0x9, 0xff, 0xfe,
    0x0, 0x0, 0x0, 0x0, 0x0, 0x9, 0xff, 0xfe,
    0x0, 0x0, 0x0, 0x0, 0x0, 0x9, 0xff, 0xfe,
    0x0, 0x0, 0x0, 0x0, 0x0, 0x9, 0xff, 0xfe,
    0x0, 0x0, 0x0, 0x0, 0x0, 0x9, 0xff, 0xfe,
    0x0, 0x0, 0x0, 0x0, 0x0, 0x9, 0xff, 0xfe,
    0x0, 0x0, 0x0, 0x0, 0x0, 0x9, 0xff, 0xfe,
    0x1, 0x11, 0x10, 0x0, 0x0, 0x9, 0xff, 0xfe,
    0xf, 0xff, 0xf6, 0x0, 0x0, 0xa, 0xff, 0xfe,
    0xf, 0xff, 0xf7, 0x0, 0x0, 0xd, 0xff, 0xfc,
    0xd, 0xff, 0xfd, 0x10, 0x0, 0x7f, 0xff, 0xf9,
    0x8, 0xff, 0xff, 0xfb, 0xac, 0xff, 0xff, 0xf3,
    0x1, 0xdf, 0xff, 0xff, 0xff, 0xff, 0xff, 0x90,
    0x0, 0x2c, 0xff, 0xff, 0xff, 0xff, 0xf9, 0x0,
    0x0, 0x0, 0x5a, 0xdf, 0xff, 0xd9, 0x30, 0x0,

    /* U+004B "K" */
    0xbf, 0xff, 0xc0, 0x0, 0x0, 0x0, 0x1d, 0xff,
    0xff, 0x80, 0xbf, 0xff, 0xc0, 0x0, 0x0, 0x1,
    0xdf, 0xff, 0xf9, 0x0, 0xbf, 0xff, 0xc0, 0x0,
    0x0, 0x1d, 0xff, 0xff, 0x90, 0x0, 0xbf, 0xff,
    0xc0, 0x0, 0x0, 0xcf, 0xff, 0xfa, 0x0, 0x0,
    0xbf, 0xff, 0xc0, 0x0, 0xc, 0xff, 0xff, 0xa0,
    0x0, 0x0, 0xbf, 0xff, 0xc0, 0x0, 0xbf, 0xff,
    0xfb, 0x0, 0x0, 0x0, 0xbf, 0xff, 0xc0, 0xb,
    0xff, 0xff, 0xb0, 0x0, 0x0, 0x0, 0xbf, 0xff,
    0xc0, 0xbf, 0xff, 0xfc, 0x0, 0x0, 0x0, 0x0,
    0xbf, 0xff, 0xca, 0xff, 0xff, 0xf6, 0x0, 0x0,
    0x0, 0x0, 0xbf, 0xff, 0xff, 0xff, 0xff, 0xff,
    0x20, 0x0, 0x0, 0x0, 0xbf, 0xff, 0xff, 0xff,
    0xff, 0xff, 0xc0, 0x0, 0x0, 0x0, 0xbf, 0xff,
    0xff, 0xfa, 0xbf, 0xff, 0xf7, 0x0, 0x0, 0x0,
    0xbf, 0xff, 0xff, 0x80, 0x1f, 0xff, 0xff, 0x20,
    0x0, 0x0, 0xbf, 0xff, 0xf6, 0x0, 0x6, 0xff,
    0xff, 0xc0, 0x0, 0x0, 0xbf, 0xff, 0xc0, 0x0,
    0x0, 0xbf, 0xff, 0xf7, 0x0, 0x0, 0xbf, 0xff,
    0xc0, 0x0, 0x0, 0x2f, 0xff, 0xff, 0x20, 0x0,
    0xbf, 0xff, 0xc0, 0x0, 0x0, 0x6, 0xff, 0xff,
    0xc0, 0x0, 0xbf, 0xff, 0xc0, 0x0, 0x0, 0x0,
    0xcf, 0xff, 0xf7, 0x0, 0xbf, 0xff, 0xc0, 0x0,
    0x0, 0x0, 0x2f, 0xff, 0xff, 0x30, 0xbf, 0xff,
    0xc0, 0x0, 0x0, 0x0, 0x7, 0xff, 0xff, 0xd0,

    /* U+004C "L" */
    0xbf, 0xff, 0xc0, 0x0, 0x0, 0x0, 0x0, 0x0,
    0xbf, 0xff, 0xc0, 0x0, 0x0, 0x0, 0x0, 0x0,
    0xbf, 0xff, 0xc0, 0x0, 0x0, 0x0, 0x0, 0x0,
    0xbf, 0xff, 0xc0, 0x0, 0x0, 0x0, 0x0, 0x0,
    0xbf, 0xff, 0xc0, 0x0, 0x0, 0x0, 0x0, 0x0,
    0xbf, 0xff, 0xc0, 0x0, 0x0, 0x0, 0x0, 0x0,
    0xbf, 0xff, 0xc0, 0x0, 0x0, 0x0, 0x0, 0x0,
    0xbf, 0xff, 0xc0, 0x0, 0x0, 0x0, 0x0, 0x0,
    0xbf, 0xff, 0xc0, 0x0, 0x0, 0x0, 0x0, 0x0,
    0xbf, 0xff, 0xc0, 0x0, 0x0, 0x0, 0x0, 0x0,
    0xbf, 0xff, 0xc0, 0x0, 0x0, 0x0, 0x0, 0x0,
    0xbf, 0xff, 0xc0, 0x0, 0x0, 0x0, 0x0, 0x0,
    0xbf, 0xff, 0xc0, 0x0, 0x0, 0x0, 0x0, 0x0,
    0xbf, 0xff, 0xc0, 0x0, 0x0, 0x0, 0x0, 0x0,
    0xbf, 0xff, 0xc0, 0x0, 0x0, 0x0, 0x0, 0x0,
    0xbf, 0xff, 0xc0, 0x0, 0x0, 0x0, 0x0, 0x0,
    0xbf, 0xff, 0xfc, 0xcc, 0xcc, 0xcc, 0xcc, 0xc1,
    0xbf, 0xff, 0xff, 0xff, 0xff, 0xff, 0xff, 0xf2,
    0xbf, 0xff, 0xff, 0xff, 0xff, 0xff, 0xff, 0xf2,
    0xbf, 0xff, 0xff, 0xff, 0xff, 0xff, 0xff, 0xf2,

    /* U+004D "M" */
    0xbf, 0xff, 0xff, 0xf3, 0x0, 0x0, 0x0, 0xf,
    0xff, 0xff, 0xfe, 0xbf, 0xff, 0xff, 0xf8, 0x0,
    0x0, 0x0, 0x3f, 0xff, 0xff, 0xfe, 0xbf, 0xff,
    0xff, 0xfd, 0x0, 0x0, 0x0, 0x8f, 0xff, 0xff,
    0xfe, 0xbf, 0xff, 0xff, 0xff, 0x10, 0x0, 0x0,
    0xdf, 0xff, 0xff, 0xfe, 0xbf, 0xff, 0xcf, 0xff,
    0x60, 0x0, 0x1, 0xff, 0xfc, 0xff, 0xfe, 0xbf,
    0xff, 0x7f, 0xff, 0xa0, 0x0, 0x6, 0xff, 0xf8,
    0xff, 0xfe, 0xbf, 0xff, 0x6e, 0xff, 0xf0, 0x0,
    0xb, 0xff, 0xc7, 0xff, 0xfe, 0xbf, 0xff, 0x6a,
    0xff, 0xf4, 0x0, 0xf, 0xff, 0x88, 0xff, 0xfe,
    0xbf, 0xff, 0x75, 0xff, 0xf8, 0x0, 0x4f, 0xff,
    0x48, 0xff, 0xfe, 0xbf, 0xff, 0x71, 0xff, 0xfd,
    0x0, 0x8f, 0xff, 0x8, 0xff, 0xfe, 0xbf, 0xff,
    0x70, 0xcf, 0xff, 0x10, 0xdf, 0xfa, 0x8, 0xff,
    0xfe, 0xbf, 0xff, 0x70, 0x7f, 0xff, 0x61, 0xff,
    0xf6, 0x8, 0xff, 0xfe, 0xbf, 0xff, 0x70, 0x3f,
    0xff, 0xa4, 0xff, 0xf1, 0x8, 0xff, 0xfe, 0xbf,
    0xff, 0x70, 0xe, 0xff, 0xe8, 0xff, 0xc0, 0x8,
    0xff, 0xfe, 0xbf, 0xff, 0x70, 0x9, 0xff, 0xfe,
    0xff, 0x80, 0x8, 0xff, 0xfe, 0xbf, 0xff, 0x70,
    0x5, 0xff, 0xff, 0xff, 0x30, 0x8, 0xff, 0xfe,
    0xbf, 0xff, 0x70, 0x0, 0xff, 0xff, 0xfe, 0x0,
    0x8, 0xff, 0xfe, 0xbf, 0xff, 0x70, 0x0, 0xbf,
    0xff, 0xfa, 0x0, 0x8, 0xff, 0xfe, 0xbf, 0xff,
    0x70, 0x0, 0x6f, 0xff, 0xf5, 0x0, 0x8, 0xff,
    0xfe, 0xbf, 0xff, 0x70, 0x0, 0x2f, 0xff, 0xf1,
    0x0, 0x8, 0xff, 0xfe,

    /* U+004E "N" */
    0xbf, 0xff, 0xc0, 0x0, 0x0, 0x0, 0x0, 0xef,
    0xff, 0x5b, 0xff, 0xff, 0x80, 0x0, 0x0, 0x0,
    0xe, 0xff, 0xf5, 0xbf, 0xff, 0xff, 0x50, 0x0,
    0x0, 0x0, 0xef, 0xff, 0x5b, 0xff, 0xff, 0xff,
    0x20, 0x0, 0x0, 0xe, 0xff, 0xf5, 0xbf, 0xff,
    0xff, 0xfc, 0x0, 0x0, 0x0, 0xef, 0xff, 0x5b,
    0xff, 0xff, 0xff, 0xf9, 0x0, 0x0, 0xe, 0xff,
    0xf5, 0xbf, 0xff, 0xff, 0xff, 0xf6, 0x0, 0x0,
    0xef, 0xff, 0x5b, 0xff, 0xfa, 0xff, 0xff, 0xf2,
    0x0, 0xe, 0xff, 0xf5, 0xbf, 0xff, 0x86, 0xff,
    0xff, 0xd0, 0x0, 0xef, 0xff, 0x5b, 0xff, 0xf8,
    0xa, 0xff, 0xff, 0xa0, 0xe, 0xff, 0xf5, 0xbf,
    0xff, 0x80, 0xd, 0xff, 0xff, 0x70, 0xef, 0xff,
    0x5b, 0xff, 0xf8, 0x0, 0x3f, 0xff, 0xff, 0x3e,
    0xff, 0xf5, 0xbf, 0xff, 0x80, 0x0, 0x6f, 0xff,
    0xfd, 0xef, 0xff, 0x5b, 0xff, 0xf8, 0x0, 0x0,
    0xaf, 0xff, 0xff, 0xff, 0xf5, 0xbf, 0xff, 0x80,
    0x0, 0x0, 0xdf, 0xff, 0xff, 0xff, 0x5b, 0xff,
    0xf8, 0x0, 0x0, 0x2, 0xff, 0xff, 0xff, 0xf5,
    0xbf, 0xff, 0x80, 0x0, 0x0, 0x6, 0xff, 0xff,
    0xff, 0x5b, 0xff, 0xf8, 0x0, 0x0, 0x0, 0xa,
    0xff, 0xff, 0xf5, 0xbf, 0xff, 0x80, 0x0, 0x0,
    0x0, 0xd, 0xff, 0xff, 0x5b, 0xff, 0xf8, 0x0,
    0x0, 0x0, 0x0, 0x2f, 0xff, 0xf5,

    /* U+004F "O" */
    0x0, 0x0, 0x1, 0x6a, 0xdf, 0xff, 0xec, 0x95,
    0x0, 0x0, 0x0, 0x0, 0x0, 0x8f, 0xff, 0xff,
    0xff, 0xff, 0xff, 0xe6, 0x0, 0x0, 0x0, 0x1c,
    0xff, 0xff, 0xff, 0xff, 0xff, 0xff, 0xff, 0xa0,
    0x0, 0x0, 0xcf, 0xff, 0xff, 0xfb, 0xaa, 0xcf,
    0xff, 0xff, 0xf9, 0x0, 0x7, 0xff, 0xff, 0xf6,
    0x0, 0x0, 0x1, 0x8f, 0xff, 0xff, 0x30, 0xe,
    0xff, 0xff, 0x30, 0x0, 0x0, 0x0, 0x6, 0xff,
    0xff, 0xb0, 0x3f, 0xff, 0xf9, 0x0, 0x0, 0x0,
    0x0, 0x0, 0xcf, 0xff, 0xf0, 0x7f, 0xff, 0xf3,
    0x0, 0x0, 0x0, 0x0, 0x0, 0x6f, 0xff, 0xf3,
    0x9f, 0xff, 0xf0, 0x0, 0x0, 0x0, 0x0, 0x0,
    0x3f, 0xff, 0xf5, 0xaf, 0xff, 0xf0, 0x0, 0x0,
    0x0, 0x0, 0x0, 0x2f, 0xff, 0xf6, 0xaf, 0xff,
    0xf0, 0x0, 0x0, 0x0, 0x0, 0x0, 0x2f, 0xff,
    0xf6, 0x9f, 0xff, 0xf0, 0x0, 0x0, 0x0, 0x0,
    0x0, 0x3f, 0xff, 0xf5, 0x7f, 0xff, 0xf3, 0x0,
    0x0, 0x0, 0x0, 0x0, 0x6f, 0xff, 0xf3, 0x3f,
    0xff, 0xf9, 0x0, 0x0, 0x0, 0x0, 0x0, 0xcf,
    0xff, 0xf0, 0xe, 0xff, 0xff, 0x30, 0x0, 0x0,
    0x0, 0x6, 0xff, 0xff, 0xa0, 0x6, 0xff, 0xff,
    0xf6, 0x0, 0x0, 0x1, 0x8f, 0xff, 0xff, 0x30,
    0x0, 0xcf, 0xff, 0xff, 0xfb, 0xaa, 0xcf, 0xff,
    0xff, 0xf8, 0x0, 0x0, 0x1c, 0xff, 0xff, 0xff,
    0xff, 0xff, 0xff, 0xff, 0xa0, 0x0, 0x0, 0x0,
    0x7f, 0xff, 0xff, 0xff, 0xff, 0xff, 0xe6, 0x0,
    0x0, 0x0, 0x0, 0x0, 0x6a, 0xdf, 0xff, 0xec,
    0x95, 0x0, 0x0, 0x0,

    /* U+0050 "P" */
    0xbf, 0xff, 0xff, 0xff, 0xff, 0xff, 0xea, 0x40,
    0x0, 0xbf, 0xff, 0xff, 0xff, 0xff, 0xff, 0xff,
    0xfa, 0x0, 0xbf, 0xff, 0xff, 0xff, 0xff, 0xff,
    0xff, 0xff, 0x90, 0xbf, 0xff, 0xea, 0xaa, 0xaa,
    0xad, 0xff, 0xff, 0xf2, 0xbf, 0xff, 0xc0, 0x0,
    0x0, 0x0, 0x8f, 0xff, 0xf7, 0xbf, 0xff, 0xc0,
    0x0, 0x0, 0x0, 0xe, 0xff, 0xfa, 0xbf, 0xff,
    0xc0, 0x0, 0x0, 0x0, 0xd, 0xff, 0xfb, 0xbf,
    0xff, 0xc0, 0x0, 0x0, 0x0, 0xf, 0xff, 0xfa,
    0xbf, 0xff, 0xc0, 0x0, 0x0, 0x0, 0x8f, 0xff,
    0xf7, 0xbf, 0xff, 0xea, 0xaa, 0xaa, 0xad, 0xff,
    0xff, 0xf1, 0xbf, 0xff, 0xff, 0xff, 0xff, 0xff,
    0xff, 0xff, 0x80, 0xbf, 0xff, 0xff, 0xff, 0xff,
    0xff, 0xff, 0xf9, 0x0, 0xbf, 0xff, 0xff, 0xff,
    0xff, 0xff, 0xd9, 0x30, 0x0, 0xbf, 0xff, 0xc0,
    0x0, 0x0, 0x0, 0x0, 0x0, 0x0, 0xbf, 0xff,
    0xc0, 0x0, 0x0, 0x0, 0x0, 0x0, 0x0, 0xbf,
    0xff, 0xc0, 0x0, 0x0, 0x0, 0x0, 0x0, 0x0,
    0xbf, 0xff, 0xc0, 0x0, 0x0, 0x0, 0x0, 0x0,
    0x0, 0xbf, 0xff, 0xc0, 0x0, 0x0, 0x0, 0x0,
    0x0, 0x0, 0xbf, 0xff, 0xc0, 0x0, 0x0, 0x0,
    0x0, 0x0, 0x0, 0xbf, 0xff, 0xc0, 0x0, 0x0,
    0x0, 0x0, 0x0, 0x0,

    /* U+0051 "Q" */
    0x0, 0x0, 0x1, 0x6a, 0xdf, 0xff, 0xec, 0x95,
    0x0, 0x0, 0x0, 0x0, 0x0, 0x8f, 0xff, 0xff,
    0xff, 0xff, 0xff, 0xe6, 0x0, 0x0, 0x0, 0x1c,
    0xff, 0xff, 0xff, 0xff, 0xff, 0xff, 0xff, 0xa0,
    0x0, 0x0, 0xcf, 0xff, 0xff, 0xfb, 0xaa, 0xcf,
    0xff, 0xff, 0xf9, 0x0, 0x7, 0xff, 0xff, 0xf6,
    0x0, 0x0, 0x1, 0x8f, 0xff, 0xff, 0x30, 0xe,
    0xff, 0xff, 0x30, 0x0, 0x0, 0x0, 0x6, 0xff,
    0xff, 0xb0, 0x3f, 0xff, 0xf9, 0x0, 0x0, 0x0,
    0x0, 0x0, 0xcf, 0xff, 0xf0, 0x7f, 0xff, 0xf3,
    0x0, 0x0, 0x0, 0x0, 0x0, 0x6f, 0xff, 0xf3,
    0x9f, 0xff, 0xf0, 0x0, 0x0, 0x0, 0x0, 0x0,
    0x3f, 0xff, 0xf5, 0xaf, 0xff, 0xf0, 0x0, 0x0,
    0x0, 0x0, 0x0, 0x2f, 0xff, 0xf6, 0xaf, 0xff,
    0xf0, 0x0, 0x0, 0x0, 0x0, 0x0, 0x2f, 0xff,
    0xf6, 0x9f, 0xff, 0xf0, 0x0, 0x0, 0x0, 0x0,
    0x0, 0x3f, 0xff, 0xf5, 0x7f, 0xff, 0xf3, 0x0,
    0x0, 0x0, 0x0, 0x0, 0x6f, 0xff, 0xf3, 0x3f,
    0xff, 0xf9, 0x0, 0x0, 0x0, 0x0, 0x0, 0xcf,
    0xff, 0xf0, 0xe, 0xff, 0xff, 0x30, 0x0, 0x0,
    0x0, 0x6, 0xff, 0xff, 0xa0, 0x6, 0xff, 0xff,
    0xf6, 0x0, 0x0, 0x1, 0x8f, 0xff, 0xff, 0x30,
    0x0, 0xcf, 0xff, 0xff, 0xfb, 0xaa, 0xcf, 0xff,
    0xff, 0xf8, 0x0, 0x0, 0x1c, 0xff, 0xff, 0xff,
    0xff, 0xff, 0xff, 0xff, 0x90, 0x0, 0x0, 0x0,
    0x8f, 0xff, 0xff, 0xff, 0xff, 0xff, 0xd5, 0x0,
    0x0, 0x0, 0x0, 0x1, 0x6a, 0xdf, 0xff, 0xff,
    0xff, 0x90, 0x0, 0x0, 0x0, 0x0, 0x0, 0x0,
    0x0, 0x1, 0xdf, 0xff, 0xfa, 0x0, 0x0, 0x0,
    0x0, 0x0, 0x0, 0x0, 0x0, 0x1d, 0xff, 0xff,
    0xa0, 0x0, 0x0, 0x0, 0x0, 0x0, 0x0, 0x0,
    0x1, 0xef, 0xff, 0xfb, 0x0, 0x0, 0x0, 0x0,
    0x0, 0x0, 0x0, 0x0, 0x28, 0x88, 0x88, 0x40,

    /* U+0052 "R" */
    0xbf, 0xff, 0xff, 0xff, 0xff, 0xff, 0xfd, 0x82,
    0x0, 0x0, 0xbf, 0xff, 0xff, 0xff, 0xff, 0xff,
    0xff, 0xff, 0x70, 0x0, 0xbf, 0xff, 0xff, 0xff,
    0xff, 0xff, 0xff, 0xff, 0xf5, 0x0, 0xbf, 0xff,
    0xe9, 0x99, 0x99, 0x9a, 0xef, 0xff, 0xfd, 0x0,
    0xbf, 0xff, 0xc0, 0x0, 0x0, 0x0, 0xb, 0xff,
    0xff, 0x30, 0xbf, 0xff, 0xc0, 0x0, 0x0, 0x0,
    0x4, 0xff, 0xff, 0x50, 0xbf, 0xff, 0xc0, 0x0,
    0x0, 0x0, 0x3, 0xff, 0xff, 0x50, 0xbf, 0xff,
    0xc0, 0x0, 0x0, 0x0, 0x7, 0xff, 0xff, 0x30,
    0xbf, 0xff, 0xc0, 0x0, 0x0, 0x0, 0x6f, 0xff,
    0xfe, 0x0, 0xbf, 0xff, 0xff, 0xff, 0xff, 0xff,
    0xff, 0xff, 0xf7, 0x0, 0xbf, 0xff, 0xff, 0xff,
    0xff, 0xff, 0xff, 0xff, 0xa0, 0x0, 0xbf, 0xff,
    0xff, 0xff, 0xff, 0xff, 0xff, 0xf6, 0x0, 0x0,
    0xbf, 0xff, 0xe8, 0x88, 0x88, 0xbf, 0xff, 0xf3,
    0x0, 0x0, 0xbf, 0xff, 0xc0, 0x0, 0x0, 0x1f,
    0xff, 0xfb, 0x0, 0x0, 0xbf, 0xff, 0xc0, 0x0,
    0x0, 0x8, 0xff, 0xff, 0x40, 0x0, 0xbf, 0xff,
    0xc0, 0x0, 0x0, 0x1, 0xff, 0xff, 0xc0, 0x0,
    0xbf, 0xff, 0xc0, 0x0, 0x0, 0x0, 0x9f, 0xff,
    0xf4, 0x0, 0xbf, 0xff, 0xc0, 0x0, 0x0, 0x0,
    0x1f, 0xff, 0xfc, 0x0, 0xbf, 0xff, 0xc0, 0x0,
    0x0, 0x0, 0x9, 0xff, 0xff, 0x40, 0xbf, 0xff,
    0xc0, 0x0, 0x0, 0x0, 0x2, 0xff, 0xff, 0xc0,

    /* U+0053 "S" */
    0x0, 0x0, 0x49, 0xce, 0xff, 0xfd, 0xa6, 0x0,
    0x0, 0x0, 0x3, 0xcf, 0xff, 0xff, 0xff, 0xff,
    0xfe, 0x50, 0x0, 0x3, 0xff, 0xff, 0xff, 0xff,
    0xff, 0xff, 0xff, 0x60, 0x0, 0xcf, 0xff, 0xfe,
    0xa8, 0x89, 0xdf, 0xff, 0xff, 0x10, 0x1f, 0xff,
    0xfb, 0x0, 0x0, 0x0, 0x7f, 0xff, 0xf6, 0x3,
    0xff, 0xff, 0x60, 0x0, 0x0, 0x0, 0xef, 0xff,
    0x80, 0x1f, 0xff, 0xfd, 0x20, 0x0, 0x0, 0x1,
    0x11, 0x10, 0x0, 0xcf, 0xff, 0xff, 0xb6, 0x20,
    0x0, 0x0, 0x0, 0x0, 0x2, 0xef, 0xff, 0xff,
    0xff, 0xea, 0x61, 0x0, 0x0, 0x0, 0x2, 0xbf,
    0xff, 0xff, 0xff, 0xff, 0xfb, 0x30, 0x0, 0x0,
    0x0, 0x39, 0xef, 0xff, 0xff, 0xff, 0xff, 0x80,
    0x0, 0x0, 0x0, 0x0, 0x26, 0xae, 0xff, 0xff,
    0xff, 0x60, 0x0, 0x0, 0x0, 0x0, 0x0, 0x3,
    0xbf, 0xff, 0xfd, 0x7, 0xaa, 0xa8, 0x0, 0x0,
    0x0, 0x0, 0xbf, 0xff, 0xf0, 0x9f, 0xff, 0xe0,
    0x0, 0x0, 0x0, 0x8, 0xff, 0xff, 0x6, 0xff,
    0xff, 0x90, 0x0, 0x0, 0x3, 0xef, 0xff, 0xe0,
    0x1e, 0xff, 0xff, 0xfb, 0x99, 0xad, 0xff, 0xff,
    0xf8, 0x0, 0x4f, 0xff, 0xff, 0xff, 0xff, 0xff,
    0xff, 0xfc, 0x0, 0x0, 0x3c, 0xff, 0xff, 0xff,
    0xff, 0xff, 0xf9, 0x0, 0x0, 0x0, 0x4, 0x9c,
    0xef, 0xff, 0xdb, 0x72, 0x0, 0x0,

    /* U+0054 "T" */
    0x4f, 0xff, 0xff, 0xff, 0xff, 0xff, 0xff, 0xff,
    0xff, 0x74, 0xff, 0xff, 0xff, 0xff, 0xff, 0xff,
    0xff, 0xff, 0xf7, 0x4f, 0xff, 0xff, 0xff, 0xff,
    0xff, 0xff, 0xff, 0xff, 0x72, 0xbb, 0xbb, 0xbb,
    0xef, 0xff, 0xfb, 0xbb, 0xbb, 0xb5, 0x0, 0x0,
    0x0, 0xa, 0xff, 0xfd, 0x0, 0x0, 0x0, 0x0,
    0x0, 0x0, 0x0, 0xaf, 0xff, 0xd0, 0x0, 0x0,
    0x0, 0x0, 0x0, 0x0, 0xa, 0xff, 0xfd, 0x0,
    0x0, 0x0, 0x0, 0x0, 0x0, 0x0, 0xaf, 0xff,
    0xd0, 0x0, 0x0, 0x0, 0x0, 0x0, 0x0, 0xa,
    0xff, 0xfd, 0x0, 0x0, 0x0, 0x0, 0x0, 0x0,
    0x0, 0xaf, 0xff, 0xd0, 0x0, 0x0, 0x0, 0x0,
    0x0, 0x0, 0xa, 0xff, 0xfd, 0x0, 0x0, 0x0,
    0x0, 0x0, 0x0, 0x0, 0xaf, 0xff, 0xd0, 0x0,
    0x0, 0x0, 0x0, 0x0, 0x0, 0xa, 0xff, 0xfd,
    0x0, 0x0, 0x0, 0x0, 0x0, 0x0, 0x0, 0xaf,
    0xff, 0xd0, 0x0, 0x0, 0x0, 0x0, 0x0, 0x0,
    0xa, 0xff, 0xfd, 0x0, 0x0, 0x0, 0x0, 0x0,
    0x0, 0x0, 0xaf, 0xff, 0xd0, 0x0, 0x0, 0x0,
    0x0, 0x0, 0x0, 0xa, 0xff, 0xfd, 0x0, 0x0,
    0x0, 0x0, 0x0, 0x0, 0x0, 0xaf, 0xff, 0xd0,
    0x0, 0x0, 0x0, 0x0, 0x0, 0x0, 0xa, 0xff,
    0xfd, 0x0, 0x0, 0x0, 0x0, 0x0, 0x0, 0x0,
    0xaf, 0xff, 0xd0, 0x0, 0x0, 0x0,

    /* U+0055 "U" */
    0xdf, 0xff, 0xa0, 0x0, 0x0, 0x0, 0x4, 0xff,
    0xff, 0x4d, 0xff, 0xfa, 0x0, 0x0, 0x0, 0x0,
    0x4f, 0xff, 0xf4, 0xdf, 0xff, 0xa0, 0x0, 0x0,
    0x0, 0x4, 0xff, 0xff, 0x4d, 0xff, 0xfa, 0x0,
    0x0, 0x0, 0x0, 0x4f, 0xff, 0xf4, 0xdf, 0xff,
    0xa0, 0x0, 0x0, 0x0, 0x4, 0xff, 0xff, 0x4d,
    0xff, 0xfa, 0x0, 0x0, 0x0, 0x0, 0x4f, 0xff,
    0xf4, 0xdf, 0xff, 0xa0, 0x0, 0x0, 0x0, 0x4,
    0xff, 0xff, 0x4d, 0xff, 0xfa, 0x0, 0x0, 0x0,
    0x0, 0x4f, 0xff, 0xf4, 0xdf, 0xff, 0xa0, 0x0,
    0x0, 0x0, 0x4, 0xff, 0xff, 0x4d, 0xff, 0xfa,
    0x0, 0x0, 0x0, 0x0, 0x4f, 0xff, 0xf4, 0xdf,
    0xff, 0xa0, 0x0, 0x0, 0x0, 0x4, 0xff, 0xff,
    0x4d, 0xff, 0xfa, 0x0, 0x0, 0x0, 0x0, 0x4f,
    0xff, 0xf4, 0xdf, 0xff, 0xa0, 0x0, 0x0, 0x0,
    0x4, 0xff, 0xff, 0x3c, 0xff, 0xfd, 0x0, 0x0,
    0x0, 0x0, 0x7f, 0xff, 0xf2, 0x9f, 0xff, 0xf4,
    0x0, 0x0, 0x0, 0xd, 0xff, 0xff, 0x4, 0xff,
    0xff, 0xe4, 0x0, 0x0, 0x1b, 0xff, 0xff, 0xa0,
    0xc, 0xff, 0xff, 0xfd, 0xaa, 0xcf, 0xff, 0xff,
    0xf3, 0x0, 0x1e, 0xff, 0xff, 0xff, 0xff, 0xff,
    0xff, 0xf6, 0x0, 0x0, 0x1b, 0xff, 0xff, 0xff,
    0xff, 0xff, 0xe5, 0x0, 0x0, 0x0, 0x3, 0x8c,
    0xef, 0xff, 0xda, 0x50, 0x0, 0x0,

    /* U+0056 "V" */
    0x7f, 0xff, 0xf5, 0x0, 0x0, 0x0, 0x0, 0x5,
    0xff, 0xff, 0x41, 0xff, 0xff, 0xb0, 0x0, 0x0,
    0x0, 0x0, 0xaf, 0xff, 0xe0, 0xb, 0xff, 0xff,
    0x10, 0x0, 0x0, 0x0, 0xf, 0xff, 0xf8, 0x0,
    0x5f, 0xff, 0xf6, 0x0, 0x0, 0x0, 0x5, 0xff,
    0xff, 0x20, 0x0, 0xff, 0xff, 0xc0, 0x0, 0x0,
    0x0, 0xbf, 0xff, 0xc0, 0x0, 0x9, 0xff, 0xff,
    0x10, 0x0, 0x0, 0x1f, 0xff, 0xf6, 0x0, 0x0,
    0x3f, 0xff, 0xf7, 0x0, 0x0, 0x6, 0xff, 0xff,
    0x10, 0x0, 0x0, 0xdf, 0xff, 0xc0, 0x0, 0x0,
    0xcf, 0xff, 0xa0, 0x0, 0x0, 0x7, 0xff, 0xff,
    0x20, 0x0, 0x1f, 0xff, 0xf5, 0x0, 0x0, 0x0,
    0x1f, 0xff, 0xf7, 0x0, 0x7, 0xff, 0xfe, 0x0,
    0x0, 0x0, 0x0, 0xbf, 0xff, 0xd0, 0x0, 0xcf,
    0xff, 0x90, 0x0, 0x0, 0x0, 0x5, 0xff, 0xff,
    0x20, 0x2f, 0xff, 0xf3, 0x0, 0x0, 0x0, 0x0,
    0xf, 0xff, 0xf8, 0x7, 0xff, 0xfd, 0x0, 0x0,
    0x0, 0x0, 0x0, 0xaf, 0xff, 0xe0, 0xdf, 0xff,
    0x70, 0x0, 0x0, 0x0, 0x0, 0x4, 0xff, 0xff,
    0x5f, 0xff, 0xf1, 0x0, 0x0, 0x0, 0x0, 0x0,
    0xd, 0xff, 0xff, 0xff, 0xfb, 0x0, 0x0, 0x0,
    0x0, 0x0, 0x0, 0x8f, 0xff, 0xff, 0xff, 0x50,
    0x0, 0x0, 0x0, 0x0, 0x0, 0x2, 0xff, 0xff,
    0xff, 0xe0, 0x0, 0x0, 0x0, 0x0, 0x0, 0x0,
    0xc, 0xff, 0xff, 0xf9, 0x0, 0x0, 0x0, 0x0,
    0x0, 0x0, 0x0, 0x6f, 0xff, 0xff, 0x30, 0x0,
    0x0, 0x0,

    /* U+0057 "W" */
    0x9f, 0xff, 0xf2, 0x0, 0x0, 0x2, 0xff, 0xff,
    0xf6, 0x0, 0x0, 0x0, 0xcf, 0xff, 0x85, 0xff,
    0xff, 0x60, 0x0, 0x0, 0x6f, 0xff, 0xff, 0xa0,
    0x0, 0x0, 0xf, 0xff, 0xf3, 0x1f, 0xff, 0xfa,
    0x0, 0x0, 0xa, 0xff, 0xff, 0xfe, 0x0, 0x0,
    0x4, 0xff, 0xff, 0x0, 0xcf, 0xff, 0xe0, 0x0,
    0x0, 0xef, 0xff, 0xff, 0xf1, 0x0, 0x0, 0x8f,
    0xff, 0xb0, 0x8, 0xff, 0xff, 0x20, 0x0, 0x1f,
    0xff, 0xff, 0xff, 0x50, 0x0, 0xc, 0xff, 0xf6,
    0x0, 0x3f, 0xff, 0xf6, 0x0, 0x5, 0xff, 0xfa,
    0xff, 0xf9, 0x0, 0x0, 0xff, 0xff, 0x20, 0x0,
    0xff, 0xff, 0xa0, 0x0, 0x9f, 0xff, 0x5f, 0xff,
    0xd0, 0x0, 0x4f, 0xff, 0xe0, 0x0, 0xb, 0xff,
    0xfe, 0x0, 0xc, 0xff, 0xf0, 0xff, 0xff, 0x10,
    0x8, 0xff, 0xf9, 0x0, 0x0, 0x7f, 0xff, 0xf2,
    0x0, 0xff, 0xfb, 0xb, 0xff, 0xf4, 0x0, 0xcf,
    0xff, 0x50, 0x0, 0x2, 0xff, 0xff, 0x60, 0x4f,
    0xff, 0x70, 0x7f, 0xff, 0x80, 0xf, 0xff, 0xf1,
    0x0, 0x0, 0xe, 0xff, 0xfa, 0x8, 0xff, 0xf3,
    0x3, 0xff, 0xfc, 0x4, 0xff, 0xfc, 0x0, 0x0,
    0x0, 0xaf, 0xff, 0xe0, 0xbf, 0xff, 0x0, 0xf,
    0xff, 0xf0, 0x8f, 0xff, 0x80, 0x0, 0x0, 0x5,
    0xff, 0xff, 0x2f, 0xff, 0xc0, 0x0, 0xbf, 0xff,
    0x4b, 0xff, 0xf4, 0x0, 0x0, 0x0, 0x1f, 0xff,
    0xf7, 0xff, 0xf8, 0x0, 0x7, 0xff, 0xf7, 0xff,
    0xff, 0x0, 0x0, 0x0, 0x0, 0xdf, 0xff, 0xcf,
    0xff, 0x40, 0x0, 0x3f, 0xff, 0xcf, 0xff, 0xb0,
    0x0, 0x0, 0x0, 0x8, 0xff, 0xff, 0xff, 0xf0,
    0x0, 0x0, 0xff, 0xff, 0xff, 0xf7, 0x0, 0x0,
    0x0, 0x0, 0x4f, 0xff, 0xff, 0xfc, 0x0, 0x0,
    0xb, 0xff, 0xff, 0xff, 0x20, 0x0, 0x0, 0x0,
    0x0, 0xff, 0xff, 0xff, 0x80, 0x0, 0x0, 0x7f,
    0xff, 0xff, 0xe0, 0x0, 0x0, 0x0, 0x0, 0xb,
    0xff, 0xff, 0xf4, 0x0, 0x0, 0x4, 0xff, 0xff,
    0xfa, 0x0, 0x0, 0x0, 0x0, 0x0, 0x7f, 0xff,
    0xff, 0x0, 0x0, 0x0, 0xf, 0xff, 0xff, 0x50,
    0x0, 0x0,

    /* U+0058 "X" */
    0xa, 0xff, 0xff, 0xc0, 0x0, 0x0, 0x0, 0x3f,
    0xff, 0xfd, 0x0, 0x1e, 0xff, 0xff, 0x70, 0x0,
    0x0, 0xd, 0xff, 0xff, 0x20, 0x0, 0x4f, 0xff,
    0xff, 0x20, 0x0, 0x9, 0xff, 0xff, 0x70, 0x0,
    0x0, 0x8f, 0xff, 0xfc, 0x0, 0x4, 0xff, 0xff,
    0xb0, 0x0, 0x0, 0x0, 0xcf, 0xff, 0xf7, 0x0,
    0xdf, 0xff, 0xe1, 0x0, 0x0, 0x0, 0x2, 0xff,
    0xff, 0xf2, 0x9f, 0xff, 0xf5, 0x0, 0x0, 0x0,
    0x0, 0x6, 0xff, 0xff, 0xef, 0xff, 0xf9, 0x0,
    0x0, 0x0, 0x0, 0x0, 0xb, 0xff, 0xff, 0xff,
    0xfd, 0x0, 0x0, 0x0, 0x0, 0x0, 0x0, 0x1e,
    0xff, 0xff, 0xff, 0x30, 0x0, 0x0, 0x0, 0x0,
    0x0, 0x0, 0x7f, 0xff, 0xff, 0xa0, 0x0, 0x0,
    0x0, 0x0, 0x0, 0x0, 0x1e, 0xff, 0xff, 0xff,
    0x30, 0x0, 0x0, 0x0, 0x0, 0x0, 0xb, 0xff,
    0xff, 0xff, 0xfe, 0x0, 0x0, 0x0, 0x0, 0x0,
    0x7, 0xff, 0xff, 0xdf, 0xff, 0xfa, 0x0, 0x0,
    0x0, 0x0, 0x2, 0xff, 0xff, 0xb0, 0xdf, 0xff,
    0xf5, 0x0, 0x0, 0x0, 0x0, 0xdf, 0xff, 0xf2,
    0x3, 0xff, 0xff, 0xe1, 0x0, 0x0, 0x0, 0x9f,
    0xff, 0xf6, 0x0, 0x9, 0xff, 0xff, 0xb0, 0x0,
    0x0, 0x4f, 0xff, 0xfc, 0x0, 0x0, 0xd, 0xff,
    0xff, 0x70, 0x0, 0x1e, 0xff, 0xff, 0x20, 0x0,
    0x0, 0x3f, 0xff, 0xff, 0x20, 0xa, 0xff, 0xff,
    0x60, 0x0, 0x0, 0x0, 0x8f, 0xff, 0xfd, 0x6,
    0xff, 0xff, 0xc0, 0x0, 0x0, 0x0, 0x0, 0xdf,
    0xff, 0xf8,

    /* U+0059 "Y" */
    0x6f, 0xff, 0xfc, 0x0, 0x0, 0x0, 0x0, 0x8,
    0xff, 0xff, 0x50, 0xbf, 0xff, 0xf6, 0x0, 0x0,
    0x0, 0x3, 0xff, 0xff, 0xa0, 0x1, 0xff, 0xff,
    0xf1, 0x0, 0x0, 0x0, 0xcf, 0xff, 0xe1, 0x0,
    0x6, 0xff, 0xff, 0xa0, 0x0, 0x0, 0x6f, 0xff,
    0xf5, 0x0, 0x0, 0xb, 0xff, 0xff, 0x50, 0x0,
    0x1f, 0xff, 0xfb, 0x0, 0x0, 0x0, 0x1f, 0xff,
    0xfe, 0x0, 0xb, 0xff, 0xfe, 0x10, 0x0, 0x0,
    0x0, 0x6f, 0xff, 0xf9, 0x5, 0xff, 0xff, 0x50,
    0x0, 0x0, 0x0, 0x0, 0xbf, 0xff, 0xf4, 0xef,
    0xff, 0xb0, 0x0, 0x0, 0x0, 0x0, 0x1, 0xff,
    0xff, 0xff, 0xff, 0xf1, 0x0, 0x0, 0x0, 0x0,
    0x0, 0x6, 0xff, 0xff, 0xff, 0xf6, 0x0, 0x0,
    0x0, 0x0, 0x0, 0x0, 0xb, 0xff, 0xff, 0xfb,
    0x0, 0x0, 0x0, 0x0, 0x0, 0x0, 0x0, 0x1f,
    0xff, 0xff, 0x10, 0x0, 0x0, 0x0, 0x0, 0x0,
    0x0, 0x0, 0xcf, 0xff, 0xc0, 0x0, 0x0, 0x0,
    0x0, 0x0, 0x0, 0x0, 0xc, 0xff, 0xfc, 0x0,
    0x0, 0x0, 0x0, 0x0, 0x0, 0x0, 0x0, 0xcf,
    0xff, 0xc0, 0x0, 0x0, 0x0, 0x0, 0x0, 0x0,
    0x0, 0xc, 0xff, 0xfc, 0x0, 0x0, 0x0, 0x0,
    0x0, 0x0, 0x0, 0x0, 0xcf, 0xff, 0xc0, 0x0,
    0x0, 0x0, 0x0, 0x0, 0x0, 0x0, 0xc, 0xff,
    0xfc, 0x0, 0x0, 0x0, 0x0, 0x0, 0x0, 0x0,
    0x0, 0xcf, 0xff, 0xc0, 0x0, 0x0, 0x0, 0x0,
    0x0, 0x0, 0x0, 0xc, 0xff, 0xfc, 0x0, 0x0,
    0x0, 0x0,

    /* U+005A "Z" */
    0x6, 0xff, 0xff, 0xff, 0xff, 0xff, 0xff, 0xff,
    0xff, 0x40, 0x6f, 0xff, 0xff, 0xff, 0xff, 0xff,
    0xff, 0xff, 0xf4, 0x6, 0xff, 0xff, 0xff, 0xff,
    0xff, 0xff, 0xff, 0xfc, 0x0, 0x4a, 0xaa, 0xaa,
    0xaa, 0xaa, 0xdf, 0xff, 0xff, 0x20, 0x0, 0x0,
    0x0, 0x0, 0x0, 0x2f, 0xff, 0xff, 0x50, 0x0,
    0x0, 0x0, 0x0, 0x0, 0xd, 0xff, 0xff, 0x90,
    0x0, 0x0, 0x0, 0x0, 0x0, 0x9, 0xff, 0xff,
    0xd0, 0x0, 0x0, 0x0, 0x0, 0x0, 0x5, 0xff,
    0xff, 0xf2, 0x0, 0x0, 0x0, 0x0, 0x0, 0x2,
    0xff, 0xff, 0xf6, 0x0, 0x0, 0x0, 0x0, 0x0,
    0x0, 0xcf, 0xff, 0xfa, 0x0, 0x0, 0x0, 0x0,
    0x0, 0x0, 0x8f, 0xff, 0xfd, 0x0, 0x0, 0x0,
    0x0, 0x0, 0x0, 0x4f, 0xff, 0xff, 0x30, 0x0,
    0x0, 0x0, 0x0, 0x0, 0x1e, 0xff, 0xff, 0x60,
    0x0, 0x0, 0x0, 0x0, 0x0, 0xc, 0xff, 0xff,
    0xb0, 0x0, 0x0, 0x0, 0x0, 0x0, 0x8, 0xff,
    0xff, 0xe1, 0x0, 0x0, 0x0, 0x0, 0x0, 0x4,
    0xff, 0xff, 0xf3, 0x0, 0x0, 0x0, 0x0, 0x0,
    0x1, 0xef, 0xff, 0xfe, 0xaa, 0xaa, 0xaa, 0xaa,
    0xaa, 0x50, 0xbf, 0xff, 0xff, 0xff, 0xff, 0xff,
    0xff, 0xff, 0xf8, 0x2f, 0xff, 0xff, 0xff, 0xff,
    0xff, 0xff, 0xff, 0xff, 0x82, 0xff, 0xff, 0xff,
    0xff, 0xff, 0xff, 0xff, 0xff, 0xf8,

    /* U+005B "[" */
    0xff, 0xff, 0xff, 0xbf, 0xff, 0xff, 0xfb, 0xff,
    0xfd, 0xaa, 0x7f, 0xff, 0x80, 0x0, 0xff, 0xf8,
    0x0, 0xf, 0xff, 0x80, 0x0, 0xff, 0xf8, 0x0,
    0xf, 0xff, 0x80, 0x0, 0xff, 0xf8, 0x0, 0xf,
    0xff, 0x80, 0x0, 0xff, 0xf8, 0x0, 0xf, 0xff,
    0x80, 0x0, 0xff, 0xf8, 0x0, 0xf, 0xff, 0x80,
    0x0, 0xff, 0xf8, 0x0, 0xf, 0xff, 0x80, 0x0,
    0xff, 0xf8, 0x0, 0xf, 0xff, 0x80, 0x0, 0xff,
    0xf8, 0x0, 0xf, 0xff, 0x80, 0x0, 0xff, 0xf8,
    0x0, 0xf, 0xff, 0x80, 0x0, 0xff, 0xf8, 0x0,
    0xf, 0xff, 0x80, 0x0, 0xff, 0xff, 0xff, 0xbf,
    0xff, 0xff, 0xfb, 0xaa, 0xaa, 0xaa, 0x70,

    /* U+005C "\\" */
    0xdf, 0xf0, 0x0, 0x0, 0x9, 0xff, 0x30, 0x0,
    0x0, 0x5f, 0xf8, 0x0, 0x0, 0x1, 0xff, 0xc0,
    0x0, 0x0, 0xd, 0xff, 0x0, 0x0, 0x0, 0x9f,
    0xf4, 0x0, 0x0, 0x4, 0xff, 0x80, 0x0, 0x0,
    0xf, 0xfc, 0x0, 0x0, 0x0, 0xcf, 0xf1, 0x0,
    0x0, 0x8, 0xff, 0x50, 0x0, 0x0, 0x4f, 0xf9,
    0x0, 0x0, 0x0, 0xff, 0xd0, 0x0, 0x0, 0xb,
    0xff, 0x10, 0x0, 0x0, 0x7f, 0xf6, 0x0, 0x0,
    0x3, 0xff, 0xa0, 0x0, 0x0, 0xe, 0xfe, 0x0,
    0x0, 0x0, 0xaf, 0xf2, 0x0, 0x0, 0x6, 0xff,
    0x60, 0x0, 0x0, 0x2f, 0xfb, 0x0, 0x0, 0x0,
    0xef, 0xf0, 0x0, 0x0, 0xa, 0xff, 0x30, 0x0,
    0x0, 0x5f, 0xf7, 0x0, 0x0, 0x1, 0xff, 0xb0,
    0x0, 0x0, 0x7, 0x87,

    /* U+005D "]" */
    0x3f, 0xff, 0xff, 0xf7, 0x3f, 0xff, 0xff, 0xf7,
    0x2a, 0xab, 0xff, 0xf7, 0x0, 0x0, 0xff, 0xf7,
    0x0, 0x0, 0xff, 0xf7, 0x0, 0x0, 0xff, 0xf7,
    0x0, 0x0, 0xff, 0xf7, 0x0, 0x0, 0xff, 0xf7,
    0x0, 0x0, 0xff, 0xf7, 0x0, 0x0, 0xff, 0xf7,
    0x0, 0x0, 0xff, 0xf7, 0x0, 0x0, 0xff, 0xf7,
    0x0, 0x0, 0xff, 0xf7, 0x0, 0x0, 0xff, 0xf7,
    0x0, 0x0, 0xff, 0xf7, 0x0, 0x0, 0xff, 0xf7,
    0x0, 0x0, 0xff, 0xf7, 0x0, 0x0, 0xff, 0xf7,
    0x0, 0x0, 0xff, 0xf7, 0x0, 0x0, 0xff, 0xf7,
    0x0, 0x0, 0xff, 0xf7, 0x0, 0x0, 0xff, 0xf7,
    0x0, 0x0, 0xff, 0xf7, 0x0, 0x0, 0xff, 0xf7,
    0x3f, 0xff, 0xff, 0xf7, 0x3f, 0xff, 0xff, 0xf7,
    0x1a, 0xaa, 0xaa, 0xa4,

    /* U+005E "^" */
    0x0, 0x0, 0x18, 0x88, 0x30, 0x0, 0x0, 0x0,
    0x0, 0x8f, 0xff, 0xc0, 0x0, 0x0, 0x0, 0x0,
    0xef, 0xff, 0xf2, 0x0, 0x0, 0x0, 0x5, 0xff,
    0xff, 0xf9, 0x0, 0x0, 0x0, 0xc, 0xff, 0x8f,
    0xff, 0x0, 0x0, 0x0, 0x3f, 0xff, 0xc, 0xff,
    0x60, 0x0, 0x0, 0x9f, 0xf9, 0x6, 0xff, 0xd0,
    0x0, 0x1, 0xff, 0xf3, 0x0, 0xff, 0xf4, 0x0,
    0x7, 0xff, 0xd0, 0x0, 0x9f, 0xfa, 0x0, 0xd,
    0xff, 0x70, 0x0, 0x3f, 0xff, 0x10, 0x4f, 0xff,
    0x10, 0x0, 0xc, 0xff, 0x80, 0xbf, 0xfa, 0x0,
    0x0, 0x6, 0xff, 0xe0,

    /* U+005F "_" */
    0xbb, 0xbb, 0xbb, 0xbb, 0xbb, 0xbb, 0xbb, 0xb6,
    0xff, 0xff, 0xff, 0xff, 0xff, 0xff, 0xff, 0xf8,
    0xff, 0xff, 0xff, 0xff, 0xff, 0xff, 0xff, 0xf8,

    /* U+0060 "`" */
    0x8d, 0xdd, 0x80, 0x0, 0xbf, 0xff, 0x30, 0x0,
    0xcf, 0xfd, 0x0, 0x1, 0xdf, 0xf8,

    /* U+0061 "a" */
    0x0, 0x0, 0x5a, 0xdf, 0xff, 0xda, 0x40, 0x0,
    0x0, 0x0, 0x1c, 0xff, 0xff, 0xff, 0xff, 0xfb,
    0x0, 0x0, 0x0, 0xdf, 0xff, 0xff, 0xff, 0xff,
    0xff, 0xa0, 0x0, 0x3, 0xff, 0xff, 0x71, 0x2,
    0x9f, 0xff, 0xf1, 0x0, 0x3, 0xcc, 0xca, 0x0,
    0x0, 0xf, 0xff, 0xf3, 0x0, 0x0, 0x0, 0x0,
    0x0, 0x0, 0xf, 0xff, 0xf3, 0x0, 0x0, 0x0,
    0x37, 0xbd, 0xef, 0xff, 0xff, 0xf3, 0x0, 0x0,
    0x2c, 0xff, 0xff, 0xff, 0xff, 0xff, 0xf3, 0x0,
    0x2, 0xef, 0xff, 0xfe, 0xb9, 0x9f, 0xff, 0xf3,
    0x0, 0xa, 0xff, 0xfe, 0x40, 0x0, 0xf, 0xff,
    0xf3, 0x0, 0xe, 0xff, 0xf5, 0x0, 0x0, 0x1f,
    0xff, 0xf3, 0x0, 0xf, 0xff, 0xf4, 0x0, 0x0,
    0xaf, 0xff, 0xf3, 0x0, 0xe, 0xff, 0xfe, 0x63,
    0x5b, 0xff, 0xff, 0xf9, 0x30, 0xa, 0xff, 0xff,
    0xff, 0xff, 0xff, 0xff, 0xff, 0xf4, 0x1, 0xef,
    0xff, 0xff, 0xff, 0xa4, 0xff, 0xff, 0xf4, 0x0,
    0x18, 0xdf, 0xfe, 0xa4, 0x0, 0x5c, 0xff, 0xc2,

    /* U+0062 "b" */
    0x1f, 0xff, 0xf1, 0x0, 0x0, 0x0, 0x0, 0x0,
    0x1, 0xff, 0xff, 0x10, 0x0, 0x0, 0x0, 0x0,
    0x0, 0x1f, 0xff, 0xf1, 0x0, 0x0, 0x0, 0x0,
    0x0, 0x1, 0xff, 0xff, 0x10, 0x0, 0x0, 0x0,
    0x0, 0x0, 0x1f, 0xff, 0xf1, 0x0, 0x0, 0x0,
    0x0, 0x0, 0x1, 0xff, 0xff, 0x10, 0x0, 0x0,
    0x0, 0x0, 0x0, 0x1f, 0xff, 0xf1, 0x29, 0xdf,
    0xfc, 0x70, 0x0, 0x1, 0xff, 0xff, 0x5f, 0xff,
    0xff, 0xff, 0xd1, 0x0, 0x1f, 0xff, 0xff, 0xff,
    0xff, 0xff, 0xff, 0xc0, 0x1, 0xff, 0xff, 0xfe,
    0x86, 0x8e, 0xff, 0xff, 0x50, 0x1f, 0xff, 0xfe,
    0x10, 0x0, 0x1d, 0xff, 0xfa, 0x1, 0xff, 0xff,
    0x60, 0x0, 0x0, 0x7f, 0xff, 0xe0, 0x1f, 0xff,
    0xf2, 0x0, 0x0, 0x3, 0xff, 0xff, 0x1, 0xff,
    0xff, 0x10, 0x0, 0x0, 0x2f, 0xff, 0xf1, 0x1f,
    0xff, 0xf1, 0x0, 0x0, 0x2, 0xff, 0xff, 0x11,
    0xff, 0xff, 0x20, 0x0, 0x0, 0x3f, 0xff, 0xf0,
    0x1f, 0xff, 0xf6, 0x0, 0x0, 0x6, 0xff, 0xfe,
    0x1, 0xff, 0xff, 0xd1, 0x0, 0x1, 0xdf, 0xff,
    0xa0, 0x1f, 0xff, 0xff, 0xe8, 0x68, 0xef, 0xff,
    0xf5, 0x1, 0xff, 0xfe, 0xff, 0xff, 0xff, 0xff,
    0xfc, 0x0, 0x1f, 0xff, 0x86, 0xff, 0xff, 0xff,
    0xfd, 0x10, 0x1, 0xff, 0xf6, 0x3, 0xae, 0xff,
    0xc7, 0x0, 0x0,

    /* U+0063 "c" */
    0x0, 0x1, 0x7c, 0xef, 0xfe, 0xa5, 0x0, 0x0,
    0x5, 0xff, 0xff, 0xff, 0xff, 0xfd, 0x20, 0x5,
    0xff, 0xff, 0xff, 0xff, 0xff, 0xfd, 0x0, 0xef,
    0xff, 0xe6, 0x34, 0x8f, 0xff, 0xf7, 0x5f, 0xff,
    0xf2, 0x0, 0x0, 0x8f, 0xff, 0xca, 0xff, 0xfa,
    0x0, 0x0, 0x4, 0xff, 0xff, 0xcf, 0xff, 0x70,
    0x0, 0x0, 0x3, 0x33, 0x3d, 0xff, 0xf6, 0x0,
    0x0, 0x0, 0x0, 0x0, 0xdf, 0xff, 0x60, 0x0,
    0x0, 0x0, 0x0, 0xc, 0xff, 0xf7, 0x0, 0x0,
    0x0, 0x33, 0x33, 0x9f, 0xff, 0xa0, 0x0, 0x0,
    0xf, 0xff, 0xf5, 0xff, 0xff, 0x20, 0x0, 0x6,
    0xff, 0xfc, 0xe, 0xff, 0xfe, 0x63, 0x37, 0xff,
    0xff, 0x70, 0x5f, 0xff, 0xff, 0xff, 0xff, 0xff,
    0xd0, 0x0, 0x6f, 0xff, 0xff, 0xff, 0xff, 0xc1,
    0x0, 0x0, 0x17, 0xce, 0xff, 0xea, 0x50, 0x0,

    /* U+0064 "d" */
    0x0, 0x0, 0x0, 0x0, 0x0, 0xd, 0xff, 0xf5,
    0x0, 0x0, 0x0, 0x0, 0x0, 0xd, 0xff, 0xf5,
    0x0, 0x0, 0x0, 0x0, 0x0, 0xd, 0xff, 0xf5,
    0x0, 0x0, 0x0, 0x0, 0x0, 0xd, 0xff, 0xf5,
    0x0, 0x0, 0x0, 0x0, 0x0, 0xd, 0xff, 0xf5,
    0x0, 0x0, 0x0, 0x0, 0x0, 0xd, 0xff, 0xf5,
    0x0, 0x5, 0xbf, 0xfe, 0xa4, 0xd, 0xff, 0xf5,
    0x0, 0xaf, 0xff, 0xff, 0xff, 0x7d, 0xff, 0xf5,
    0x8, 0xff, 0xff, 0xff, 0xff, 0xff, 0xff, 0xf5,
    0x1f, 0xff, 0xff, 0x96, 0x7c, 0xff, 0xff, 0xf5,
    0x6f, 0xff, 0xf3, 0x0, 0x0, 0xaf, 0xff, 0xf5,
    0xaf, 0xff, 0xb0, 0x0, 0x0, 0x2f, 0xff, 0xf5,
    0xcf, 0xff, 0x70, 0x0, 0x0, 0xe, 0xff, 0xf5,
    0xdf, 0xff, 0x60, 0x0, 0x0, 0xd, 0xff, 0xf5,
    0xdf, 0xff, 0x60, 0x0, 0x0, 0xd, 0xff, 0xf5,
    0xcf, 0xff, 0x70, 0x0, 0x0, 0xe, 0xff, 0xf5,
    0xaf, 0xff, 0xa0, 0x0, 0x0, 0x2f, 0xff, 0xf5,
    0x6f, 0xff, 0xf3, 0x0, 0x0, 0xbf, 0xff, 0xf5,
    0x1f, 0xff, 0xff, 0x96, 0x7c, 0xff, 0xff, 0xf5,
    0x8, 0xff, 0xff, 0xff, 0xff, 0xfd, 0xff, 0xf5,
    0x0, 0xaf, 0xff, 0xff, 0xff, 0x95, 0xff, 0xf5,
    0x0, 0x5, 0xbe, 0xfe, 0xb4, 0x2, 0xff, 0xf5,

    /* U+0065 "e" */
    0x0, 0x1, 0x7b, 0xef, 0xfe, 0xb6, 0x0, 0x0,
    0x0, 0x5f, 0xff, 0xff, 0xff, 0xff, 0xe3, 0x0,
    0x5, 0xff, 0xff, 0xff, 0xff, 0xff, 0xfe, 0x10,
    0xe, 0xff, 0xfc, 0x41, 0x15, 0xef, 0xff, 0x90,
    0x5f, 0xff, 0xe0, 0x0, 0x0, 0x3f, 0xff, 0xf0,
    0xaf, 0xff, 0x80, 0x0, 0x0, 0xf, 0xff, 0xf3,
    0xcf, 0xff, 0xff, 0xff, 0xff, 0xff, 0xff, 0xf5,
    0xdf, 0xff, 0xff, 0xff, 0xff, 0xff, 0xff, 0xf5,
    0xdf, 0xff, 0xc9, 0x99, 0x99, 0x99, 0x99, 0x93,
    0xcf, 0xff, 0x70, 0x0, 0x0, 0x0, 0x0, 0x0,
    0x9f, 0xff, 0xa0, 0x0, 0x0, 0xb, 0xff, 0xf5,
    0x5f, 0xff, 0xf1, 0x0, 0x0, 0x1f, 0xff, 0xf3,
    0xe, 0xff, 0xfd, 0x51, 0x14, 0xdf, 0xff, 0xe0,
    0x5, 0xff, 0xff, 0xff, 0xff, 0xff, 0xff, 0x40,
    0x0, 0x5e, 0xff, 0xff, 0xff, 0xff, 0xf5, 0x0,
    0x0, 0x1, 0x7b, 0xef, 0xfe, 0xb7, 0x10, 0x0,

    /* U+0066 "f" */
    0x0, 0x0, 0x6d, 0xff, 0xd7, 0x0, 0x8, 0xff,
    0xff, 0xfb, 0x0, 0x1f, 0xff, 0xff, 0xfb, 0x0,
    0x4f, 0xff, 0xf4, 0x11, 0x0, 0x5f, 0xff, 0xd0,
    0x0, 0x0, 0x5f, 0xff, 0xd0, 0x0, 0x9f, 0xff,
    0xff, 0xff, 0xfb, 0x9f, 0xff, 0xff, 0xff, 0xfb,
    0x9f, 0xff, 0xff, 0xff, 0xfb, 0x13, 0x7f, 0xff,
    0xd3, 0x32, 0x0, 0x5f, 0xff, 0xd0, 0x0, 0x0,
    0x5f, 0xff, 0xd0, 0x0, 0x0, 0x5f, 0xff, 0xd0,
    0x0, 0x0, 0x5f, 0xff, 0xd0, 0x0, 0x0, 0x5f,
    0xff, 0xd0, 0x0, 0x0, 0x5f, 0xff, 0xd0, 0x0,
    0x0, 0x5f, 0xff, 0xd0, 0x0, 0x0, 0x5f, 0xff,
    0xd0, 0x0, 0x0, 0x5f, 0xff, 0xd0, 0x0, 0x0,
    0x5f, 0xff, 0xd0, 0x0, 0x0, 0x5f, 0xff, 0xd0,
    0x0, 0x0, 0x5f, 0xff, 0xd0, 0x0,

    /* U+0067 "g" */
    0x0, 0x0, 0x0, 0x0, 0x0, 0x0, 0x2, 0xff,
    0xfc, 0x0, 0x0, 0x0, 0x0, 0x0, 0x0, 0x7,
    0xff, 0xfa, 0x0, 0x0, 0x0, 0x0, 0x0, 0x0,
    0x2e, 0xff, 0xf4, 0x0, 0x0, 0x28, 0xce, 0xff,
    0xeb, 0xef, 0xff, 0x80, 0x0, 0x8, 0xff, 0xff,
    0xff, 0xff, 0xff, 0xd3, 0x0, 0x0, 0x6f, 0xff,
    0xfe, 0xaa, 0xef, 0xff, 0xf4, 0x0, 0x0, 0xef,
    0xff, 0x80, 0x0, 0x9, 0xff, 0xfc, 0x0, 0x1,
    0xff, 0xff, 0x10, 0x0, 0x1, 0xff, 0xff, 0x0,
    0x1, 0xff, 0xff, 0x10, 0x0, 0x1, 0xff, 0xff,
    0x0, 0x0, 0xdf, 0xff, 0x90, 0x0, 0x9, 0xff,
    0xfd, 0x0, 0x0, 0x4f, 0xff, 0xfe, 0xbb, 0xef,
    0xff, 0xf6, 0x0, 0x0, 0x5, 0xff, 0xff, 0xff,
    0xff, 0xff, 0x70, 0x0, 0x0, 0x5e, 0xff, 0xff,
    0xff, 0xfd, 0x92, 0x0, 0x0, 0x3, 0xff, 0xfd,
    0x10, 0x0, 0x0, 0x0, 0x0, 0x0, 0x8, 0xff,
    0xf9, 0x0, 0x0, 0x0, 0x0, 0x0, 0x0, 0x9,
    0xff, 0xff, 0x65, 0x55, 0x55, 0x55, 0x30, 0x0,
    0x4, 0xff, 0xff, 0xff, 0xff, 0xff, 0xff, 0xfe,
    0x50, 0x0, 0x8f, 0xff, 0xff, 0xff, 0xff, 0xff,
    0xff, 0xf4, 0x5, 0xef, 0xff, 0xff, 0xff, 0xff,
    0xff, 0xff, 0xfb, 0x3f, 0xff, 0xd2, 0x0, 0x0,
    0x0, 0x1a, 0xff, 0xfd, 0x8f, 0xff, 0xb0, 0x0,
    0x0, 0x0, 0x8, 0xff, 0xfb, 0x7f, 0xff, 0xfe,
    0xcc, 0xcc, 0xcc, 0xdf, 0xff, 0xf4, 0x1e, 0xff,
    0xff, 0xff, 0xff, 0xff, 0xff, 0xff, 0x70, 0x1,
    0x9e, 0xff, 0xff, 0xff, 0xff, 0xfd, 0x93, 0x0,

    /* U+0068 "h" */
    0x1f, 0xff, 0xf1, 0x0, 0x0, 0x0, 0x0, 0x0,
    0x1f, 0xff, 0xf1, 0x0, 0x0, 0x0, 0x0, 0x0,
    0x1f, 0xff, 0xf1, 0x0, 0x0, 0x0, 0x0, 0x0,
    0x1f, 0xff, 0xf1, 0x0, 0x0, 0x0, 0x0, 0x0,
    0x1f, 0xff, 0xf1, 0x0, 0x0, 0x0, 0x0, 0x0,
    0x1f, 0xff, 0xf1, 0x0, 0x0, 0x0, 0x0, 0x0,
    0x1f, 0xff, 0xf1, 0x18, 0xdf, 0xfd, 0x81, 0x0,
    0x1f, 0xff, 0xf4, 0xef, 0xff, 0xff, 0xfd, 0x10,
    0x1f, 0xff, 0xff, 0xff, 0xff, 0xff, 0xff, 0xa0,
    0x1f, 0xff, 0xff, 0xe8, 0x79, 0xff, 0xff, 0xf0,
    0x1f, 0xff, 0xfd, 0x10, 0x0, 0x5f, 0xff, 0xf2,
    0x1f, 0xff, 0xf5, 0x0, 0x0, 0xf, 0xff, 0xf3,
    0x1f, 0xff, 0xf1, 0x0, 0x0, 0xf, 0xff, 0xf3,
    0x1f, 0xff, 0xf1, 0x0, 0x0, 0xf, 0xff, 0xf3,
    0x1f, 0xff, 0xf1, 0x0, 0x0, 0xf, 0xff, 0xf3,
    0x1f, 0xff, 0xf1, 0x0, 0x0, 0xf, 0xff, 0xf3,
    0x1f, 0xff, 0xf1, 0x0, 0x0, 0xf, 0xff, 0xf3,
    0x1f, 0xff, 0xf1, 0x0, 0x0, 0xf, 0xff, 0xf3,
    0x1f, 0xff, 0xf1, 0x0, 0x0, 0xf, 0xff, 0xf3,
    0x1f, 0xff, 0xf1, 0x0, 0x0, 0xf, 0xff, 0xf3,
    0x1f, 0xff, 0xf1, 0x0, 0x0, 0xf, 0xff, 0xf3,
    0x1f, 0xff, 0xf1, 0x0, 0x0, 0xf, 0xff, 0xf3,

    /* U+0069 "i" */
    0x1f, 0xff, 0xf1, 0x1f, 0xff, 0xf1, 0x1f, 0xff,
    0xf1, 0x9, 0x99, 0x90, 0x0, 0x0, 0x0, 0x0,
    0x0, 0x0, 0x1f, 0xff, 0xf1, 0x1f, 0xff, 0xf1,
    0x1f, 0xff, 0xf1, 0x1f, 0xff, 0xf1, 0x1f, 0xff,
    0xf1, 0x1f, 0xff, 0xf1, 0x1f, 0xff, 0xf1, 0x1f,
    0xff, 0xf1, 0x1f, 0xff, 0xf1, 0x1f, 0xff, 0xf1,
    0x1f, 0xff, 0xf1, 0x1f, 0xff, 0xf1, 0x1f, 0xff,
    0xf1, 0x1f, 0xff, 0xf1, 0x1f, 0xff, 0xf1, 0x1f,
    0xff, 0xf1,

    /* U+006A "j" */
    0x0, 0x1f, 0xff, 0xf1, 0x0, 0x1f, 0xff, 0xf1,
    0x0, 0x1f, 0xff, 0xf1, 0x0, 0x9, 0x99, 0x90,
    0x0, 0x0, 0x0, 0x0, 0x0, 0x0, 0x0, 0x0,
    0x0, 0x1f, 0xff, 0xf1, 0x0, 0x1f, 0xff, 0xf1,
    0x0, 0x1f, 0xff, 0xf1, 0x0, 0x1f, 0xff, 0xf1,
    0x0, 0x1f, 0xff, 0xf1, 0x0, 0x1f, 0xff, 0xf1,
    0x0, 0x1f, 0xff, 0xf1, 0x0, 0x1f, 0xff, 0xf1,
    0x0, 0x1f, 0xff, 0xf1, 0x0, 0x1f, 0xff, 0xf1,
    0x0, 0x1f, 0xff, 0xf1, 0x0, 0x1f, 0xff, 0xf1,
    0x0, 0x1f, 0xff, 0xf1, 0x0, 0x1f, 0xff, 0xf1,
    0x0, 0x1f, 0xff, 0xf1, 0x0, 0x1f, 0xff, 0xf1,
    0x0, 0x1f, 0xff, 0xf1, 0x22, 0x8f, 0xff, 0xf0,
    0xff, 0xff, 0xff, 0xd0, 0xff, 0xff, 0xff, 0x50,
    0xae, 0xff, 0xc5, 0x0,

    /* U+006B "k" */
    0x1f, 0xff, 0xf1, 0x0, 0x0, 0x0, 0x0, 0x0,
    0x1f, 0xff, 0xf1, 0x0, 0x0, 0x0, 0x0, 0x0,
    0x1f, 0xff, 0xf1, 0x0, 0x0, 0x0, 0x0, 0x0,
    0x1f, 0xff, 0xf1, 0x0, 0x0, 0x0, 0x0, 0x0,
    0x1f, 0xff, 0xf1, 0x0, 0x0, 0x0, 0x0, 0x0,
    0x1f, 0xff, 0xf1, 0x0, 0x0, 0x0, 0x0, 0x0,
    0x1f, 0xff, 0xf1, 0x0, 0x0, 0xcf, 0xff, 0xe2,
    0x1f, 0xff, 0xf1, 0x0, 0xa, 0xff, 0xff, 0x30,
    0x1f, 0xff, 0xf1, 0x0, 0x7f, 0xff, 0xf5, 0x0,
    0x1f, 0xff, 0xf1, 0x4, 0xff, 0xff, 0x70, 0x0,
    0x1f, 0xff, 0xf1, 0x2f, 0xff, 0xf9, 0x0, 0x0,
    0x1f, 0xff, 0xf2, 0xdf, 0xff, 0xb0, 0x0, 0x0,
    0x1f, 0xff, 0xfd, 0xff, 0xff, 0x40, 0x0, 0x0,
    0x1f, 0xff, 0xff, 0xff, 0xff, 0xc0, 0x0, 0x0,
    0x1f, 0xff, 0xff, 0xff, 0xff, 0xf6, 0x0, 0x0,
    0x1f, 0xff, 0xff, 0xea, 0xff, 0xfe, 0x0, 0x0,
    0x1f, 0xff, 0xfe, 0x30, 0xef, 0xff, 0x90, 0x0,
    0x1f, 0xff, 0xf3, 0x0, 0x6f, 0xff, 0xf2, 0x0,
    0x1f, 0xff, 0xf1, 0x0, 0xd, 0xff, 0xfb, 0x0,
    0x1f, 0xff, 0xf1, 0x0, 0x5, 0xff, 0xff, 0x40,
    0x1f, 0xff, 0xf1, 0x0, 0x0, 0xcf, 0xff, 0xd0,
    0x1f, 0xff, 0xf1, 0x0, 0x0, 0x4f, 0xff, 0xf7,

    /* U+006C "l" */
    0x1f, 0xff, 0xf1, 0x1f, 0xff, 0xf1, 0x1f, 0xff,
    0xf1, 0x1f, 0xff, 0xf1, 0x1f, 0xff, 0xf1, 0x1f,
    0xff, 0xf1, 0x1f, 0xff, 0xf1, 0x1f, 0xff, 0xf1,
    0x1f, 0xff, 0xf1, 0x1f, 0xff, 0xf1, 0x1f, 0xff,
    0xf1, 0x1f, 0xff, 0xf1, 0x1f, 0xff, 0xf1, 0x1f,
    0xff, 0xf1, 0x1f, 0xff, 0xf1, 0x1f, 0xff, 0xf1,
    0x1f, 0xff, 0xf1, 0x1f, 0xff, 0xf1, 0x1f, 0xff,
    0xf1, 0x1f, 0xff, 0xf1, 0x1f, 0xff, 0xf1, 0x1f,
    0xff, 0xf1,

    /* U+006D "m" */
    0x1f, 0xff, 0x70, 0x3a, 0xef, 0xfb, 0x40, 0x1,
    0x9d, 0xff, 0xd7, 0x0, 0x1f, 0xff, 0x97, 0xff,
    0xff, 0xff, 0xf6, 0x4f, 0xff, 0xff, 0xff, 0xb0,
    0x1f, 0xff, 0xff, 0xff, 0xff, 0xff, 0xff, 0xff,
    0xff, 0xff, 0xff, 0xf6, 0x1f, 0xff, 0xff, 0xa3,
    0x39, 0xff, 0xff, 0xfd, 0x52, 0x6f, 0xff, 0xfb,
    0x1f, 0xff, 0xfa, 0x0, 0x0, 0xef, 0xff, 0xf2,
    0x0, 0x7, 0xff, 0xfe, 0x1f, 0xff, 0xf3, 0x0,
    0x0, 0xaf, 0xff, 0xa0, 0x0, 0x4, 0xff, 0xfe,
    0x1f, 0xff, 0xf1, 0x0, 0x0, 0xaf, 0xff, 0x80,
    0x0, 0x3, 0xff, 0xff, 0x1f, 0xff, 0xf1, 0x0,
    0x0, 0xaf, 0xff, 0x80, 0x0, 0x3, 0xff, 0xff,
    0x1f, 0xff, 0xf1, 0x0, 0x0, 0xaf, 0xff, 0x80,
    0x0, 0x3, 0xff, 0xff, 0x1f, 0xff, 0xf1, 0x0,
    0x0, 0xaf, 0xff, 0x80, 0x0, 0x3, 0xff, 0xff,
    0x1f, 0xff, 0xf1, 0x0, 0x0, 0xaf, 0xff, 0x80,
    0x0, 0x3, 0xff, 0xff, 0x1f, 0xff, 0xf1, 0x0,
    0x0, 0xaf, 0xff, 0x80, 0x0, 0x3, 0xff, 0xff,
    0x1f, 0xff, 0xf1, 0x0, 0x0, 0xaf, 0xff, 0x80,
    0x0, 0x3, 0xff, 0xff, 0x1f, 0xff, 0xf1, 0x0,
    0x0, 0xaf, 0xff, 0x80, 0x0, 0x3, 0xff, 0xff,
    0x1f, 0xff, 0xf1, 0x0, 0x0, 0xaf, 0xff, 0x80,
    0x0, 0x3, 0xff, 0xff, 0x1f, 0xff, 0xf1, 0x0,
    0x0, 0xaf, 0xff, 0x80, 0x0, 0x3, 0xff, 0xff,

    /* U+006E "n" */
    0x1f, 0xff, 0x70, 0x18, 0xdf, 0xfd, 0x81, 0x0,
    0x1f, 0xff, 0x94, 0xff, 0xff, 0xff, 0xfd, 0x10,
    0x1f, 0xff, 0xef, 0xff, 0xff, 0xff, 0xff, 0xa0,
    0x1f, 0xff, 0xff, 0xe8, 0x79, 0xff, 0xff, 0xf0,
    0x1f, 0xff, 0xfd, 0x10, 0x0, 0x5f, 0xff, 0xf2,
    0x1f, 0xff, 0xf5, 0x0, 0x0, 0xf, 0xff, 0xf3,
    0x1f, 0xff, 0xf1, 0x0, 0x0, 0xf, 0xff, 0xf3,
    0x1f, 0xff, 0xf1, 0x0, 0x0, 0xf, 0xff, 0xf3,
    0x1f, 0xff, 0xf1, 0x0, 0x0, 0xf, 0xff, 0xf3,
    0x1f, 0xff, 0xf1, 0x0, 0x0, 0xf, 0xff, 0xf3,
    0x1f, 0xff, 0xf1, 0x0, 0x0, 0xf, 0xff, 0xf3,
    0x1f, 0xff, 0xf1, 0x0, 0x0, 0xf, 0xff, 0xf3,
    0x1f, 0xff, 0xf1, 0x0, 0x0, 0xf, 0xff, 0xf3,
    0x1f, 0xff, 0xf1, 0x0, 0x0, 0xf, 0xff, 0xf3,
    0x1f, 0xff, 0xf1, 0x0, 0x0, 0xf, 0xff, 0xf3,
    0x1f, 0xff, 0xf1, 0x0, 0x0, 0xf, 0xff, 0xf3,

    /* U+006F "o" */
    0x0, 0x0, 0x6b, 0xef, 0xfe, 0xc8, 0x20, 0x0,
    0x0, 0x4, 0xef, 0xff, 0xff, 0xff, 0xff, 0x90,
    0x0, 0x4, 0xff, 0xff, 0xff, 0xff, 0xff, 0xff,
    0xa0, 0x0, 0xef, 0xff, 0xe7, 0x33, 0x5c, 0xff,
    0xff, 0x40, 0x5f, 0xff, 0xf3, 0x0, 0x0, 0xc,
    0xff, 0xfb, 0x9, 0xff, 0xfb, 0x0, 0x0, 0x0,
    0x5f, 0xff, 0xf0, 0xcf, 0xff, 0x70, 0x0, 0x0,
    0x1, 0xff, 0xff, 0x2d, 0xff, 0xf6, 0x0, 0x0,
    0x0, 0xf, 0xff, 0xf3, 0xdf, 0xff, 0x60, 0x0,
    0x0, 0x0, 0xff, 0xff, 0x3c, 0xff, 0xf7, 0x0,
    0x0, 0x0, 0x1f, 0xff, 0xf2, 0x9f, 0xff, 0xb0,
    0x0, 0x0, 0x5, 0xff, 0xff, 0x5, 0xff, 0xff,
    0x30, 0x0, 0x0, 0xcf, 0xff, 0xb0, 0xe, 0xff,
    0xff, 0x74, 0x36, 0xcf, 0xff, 0xf4, 0x0, 0x4f,
    0xff, 0xff, 0xff, 0xff, 0xff, 0xfa, 0x0, 0x0,
    0x4e, 0xff, 0xff, 0xff, 0xff, 0xf9, 0x0, 0x0,
    0x0, 0x6, 0xbe, 0xff, 0xec, 0x82, 0x0, 0x0,

    /* U+0070 "p" */
    0x1f, 0xff, 0x60, 0x3a, 0xef, 0xfc, 0x70, 0x0,
    0x1, 0xff, 0xf9, 0x6f, 0xff, 0xff, 0xff, 0xd1,
    0x0, 0x1f, 0xff, 0xef, 0xff, 0xff, 0xff, 0xff,
    0xc0, 0x1, 0xff, 0xff, 0xfe, 0x86, 0x8e, 0xff,
    0xff, 0x50, 0x1f, 0xff, 0xfd, 0x10, 0x0, 0x1d,
    0xff, 0xfa, 0x1, 0xff, 0xff, 0x60, 0x0, 0x0,
    0x7f, 0xff, 0xe0, 0x1f, 0xff, 0xf2, 0x0, 0x0,
    0x3, 0xff, 0xff, 0x1, 0xff, 0xff, 0x10, 0x0,
    0x0, 0x2f, 0xff, 0xf1, 0x1f, 0xff, 0xf1, 0x0,
    0x0, 0x2, 0xff, 0xff, 0x11, 0xff, 0xff, 0x20,
    0x0, 0x0, 0x3f, 0xff, 0xf0, 0x1f, 0xff, 0xf6,
    0x0, 0x0, 0x7, 0xff, 0xfe, 0x1, 0xff, 0xff,
    0xe1, 0x0, 0x1, 0xdf, 0xff, 0xa0, 0x1f, 0xff,
    0xff, 0xe8, 0x68, 0xef, 0xff, 0xf4, 0x1, 0xff,
    0xff, 0xff, 0xff, 0xff, 0xff, 0xfc, 0x0, 0x1f,
    0xff, 0xf5, 0xff, 0xff, 0xff, 0xfd, 0x10, 0x1,
    0xff, 0xff, 0x12, 0x9d, 0xff, 0xc7, 0x0, 0x0,
    0x1f, 0xff, 0xf1, 0x0, 0x0, 0x0, 0x0, 0x0,
    0x1, 0xff, 0xff, 0x10, 0x0, 0x0, 0x0, 0x0,
    0x0, 0x1f, 0xff, 0xf1, 0x0, 0x0, 0x0, 0x0,
    0x0, 0x1, 0xff, 0xff, 0x10, 0x0, 0x0, 0x0,
    0x0, 0x0, 0x1f, 0xff, 0xf1, 0x0, 0x0, 0x0,
    0x0, 0x0, 0x0,

    /* U+0071 "q" */
    0x0, 0x5, 0xbe, 0xfe, 0xb4, 0x2, 0xff, 0xf5,
    0x0, 0xaf, 0xff, 0xff, 0xff, 0x95, 0xff, 0xf5,
    0x8, 0xff, 0xff, 0xff, 0xff, 0xfd, 0xff, 0xf5,
    0x1f, 0xff, 0xff, 0x96, 0x7c, 0xff, 0xff, 0xf5,
    0x6f, 0xff, 0xf3, 0x0, 0x0, 0xbf, 0xff, 0xf5,
    0xaf, 0xff, 0xb0, 0x0, 0x0, 0x2f, 0xff, 0xf5,
    0xcf, 0xff, 0x70, 0x0, 0x0, 0xe, 0xff, 0xf5,
    0xdf, 0xff, 0x60, 0x0, 0x0, 0xd, 0xff, 0xf5,
    0xdf, 0xff, 0x60, 0x0, 0x0, 0xd, 0xff, 0xf5,
    0xcf, 0xff, 0x70, 0x0, 0x0, 0xe, 0xff, 0xf5,
    0xaf, 0xff, 0xb0, 0x0, 0x0, 0x2f, 0xff, 0xf5,
    0x6f, 0xff, 0xf3, 0x0, 0x0, 0xbf, 0xff, 0xf5,
    0x1f, 0xff, 0xff, 0x96, 0x7c, 0xff, 0xff, 0xf5,
    0x8, 0xff, 0xff, 0xff, 0xff, 0xff, 0xff, 0xf5,
    0x0, 0xaf, 0xff, 0xff, 0xff, 0x6d, 0xff, 0xf5,
    0x0, 0x5, 0xbe, 0xfe, 0xa3, 0xd, 0xff, 0xf5,
    0x0, 0x0, 0x0, 0x0, 0x0, 0xd, 0xff, 0xf5,
    0x0, 0x0, 0x0, 0x0, 0x0, 0xd, 0xff, 0xf5,
    0x0, 0x0, 0x0, 0x0, 0x0, 0xd, 0xff, 0xf5,
    0x0, 0x0, 0x0, 0x0, 0x0, 0xd, 0xff, 0xf5,
    0x0, 0x0, 0x0, 0x0, 0x0, 0xd, 0xff, 0xf5,

    /* U+0072 "r" */
    0x1f, 0xff, 0x70, 0x5d, 0xff, 0x21, 0xff, 0xf9,
    0x6f, 0xff, 0xf2, 0x1f, 0xff, 0xcf, 0xff, 0xff,
    0x21, 0xff, 0xff, 0xff, 0xff, 0xf2, 0x1f, 0xff,
    0xff, 0xa3, 0x10, 0x1, 0xff, 0xff, 0xb0, 0x0,
    0x0, 0x1f, 0xff, 0xf4, 0x0, 0x0, 0x1, 0xff,
    0xff, 0x20, 0x0, 0x0, 0x1f, 0xff, 0xf1, 0x0,
    0x0, 0x1, 0xff, 0xff, 0x10, 0x0, 0x0, 0x1f,
    0xff, 0xf1, 0x0, 0x0, 0x1, 0xff, 0xff, 0x10,
    0x0, 0x0, 0x1f, 0xff, 0xf1, 0x0, 0x0, 0x1,
    0xff, 0xff, 0x10, 0x0, 0x0, 0x1f, 0xff, 0xf1,
    0x0, 0x0, 0x1, 0xff, 0xff, 0x10, 0x0, 0x0,

    /* U+0073 "s" */
    0x0, 0x5, 0xad, 0xff, 0xfd, 0x93, 0x0, 0x0,
    0x1c, 0xff, 0xff, 0xff, 0xff, 0xfa, 0x0, 0xd,
    0xff, 0xff, 0xff, 0xff, 0xff, 0xf9, 0x4, 0xff,
    0xff, 0x51, 0x2, 0x9f, 0xff, 0xf0, 0x7f, 0xff,
    0xb0, 0x0, 0x0, 0xcd, 0xdd, 0x16, 0xff, 0xff,
    0x94, 0x0, 0x0, 0x0, 0x0, 0x1f, 0xff, 0xff,
    0xff, 0xb7, 0x30, 0x0, 0x0, 0x4f, 0xff, 0xff,
    0xff, 0xff, 0xe7, 0x0, 0x0, 0x17, 0xdf, 0xff,
    0xff, 0xff, 0xfb, 0x0, 0x0, 0x0, 0x15, 0x9d,
    0xff, 0xff, 0xf5, 0x23, 0x33, 0x0, 0x0, 0x3,
    0xef, 0xff, 0x8c, 0xff, 0xf5, 0x0, 0x0, 0x9,
    0xff, 0xf8, 0x9f, 0xff, 0xe5, 0x10, 0x16, 0xef,
    0xff, 0x52, 0xff, 0xff, 0xff, 0xff, 0xff, 0xff,
    0xd0, 0x3, 0xdf, 0xff, 0xff, 0xff, 0xff, 0xd2,
    0x0, 0x0, 0x5a, 0xdf, 0xff, 0xda, 0x50, 0x0,

    /* U+0074 "t" */
    0x0, 0xb, 0xff, 0x90, 0x0, 0x0, 0xe, 0xff,
    0x90, 0x0, 0x0, 0x2f, 0xff, 0x90, 0x0, 0x0,
    0x5f, 0xff, 0x90, 0x0, 0x8f, 0xff, 0xff, 0xff,
    0xf7, 0x8f, 0xff, 0xff, 0xff, 0xf7, 0x8f, 0xff,
    0xff, 0xff, 0xf7, 0x13, 0xaf, 0xff, 0xa3, 0x31,
    0x0, 0x9f, 0xff, 0x90, 0x0, 0x0, 0x9f, 0xff,
    0x90, 0x0, 0x0, 0x9f, 0xff, 0x90, 0x0, 0x0,
    0x9f, 0xff, 0x90, 0x0, 0x0, 0x9f, 0xff, 0x90,
    0x0, 0x0, 0x9f, 0xff, 0x90, 0x0, 0x0, 0x9f,
    0xff, 0x90, 0x0, 0x0, 0x9f, 0xff, 0x90, 0x0,
    0x0, 0x8f, 0xff, 0xe4, 0x31, 0x0, 0x5f, 0xff,
    0xff, 0xf7, 0x0, 0xd, 0xff, 0xff, 0xf7, 0x0,
    0x1, 0x9e, 0xfe, 0xc4,

    /* U+0075 "u" */
    0x3f, 0xff, 0xf0, 0x0, 0x0, 0x1f, 0xff, 0xf1,
    0x3f, 0xff, 0xf0, 0x0, 0x0, 0x1f, 0xff, 0xf1,
    0x3f, 0xff, 0xf0, 0x0, 0x0, 0x1f, 0xff, 0xf1,
    0x3f, 0xff, 0xf0, 0x0, 0x0, 0x1f, 0xff, 0xf1,
    0x3f, 0xff, 0xf0, 0x0, 0x0, 0x1f, 0xff, 0xf1,
    0x3f, 0xff, 0xf0, 0x0, 0x0, 0x1f, 0xff, 0xf1,
    0x3f, 0xff, 0xf0, 0x0, 0x0, 0x1f, 0xff, 0xf1,
    0x3f, 0xff, 0xf0, 0x0, 0x0, 0x1f, 0xff, 0xf1,
    0x3f, 0xff, 0xf0, 0x0, 0x0, 0x1f, 0xff, 0xf1,
    0x3f, 0xff, 0xf0, 0x0, 0x0, 0x1f, 0xff, 0xf1,
    0x3f, 0xff, 0xf0, 0x0, 0x0, 0x5f, 0xff, 0xf1,
    0x2f, 0xff, 0xf6, 0x0, 0x1, 0xdf, 0xff, 0xf1,
    0xf, 0xff, 0xff, 0xa7, 0x9e, 0xff, 0xff, 0xf1,
    0xa, 0xff, 0xff, 0xff, 0xff, 0xfd, 0xff, 0xf1,
    0x1, 0xdf, 0xff, 0xff, 0xff, 0x58, 0xff, 0xf1,
    0x0, 0x8, 0xdf, 0xfd, 0x81, 0x6, 0xff, 0xf1,

    /* U+0076 "v" */
    0xbf, 0xff, 0xb0, 0x0, 0x0, 0x1, 0xff, 0xff,
    0x15, 0xff, 0xff, 0x10, 0x0, 0x0, 0x6f, 0xff,
    0xb0, 0xe, 0xff, 0xf6, 0x0, 0x0, 0xc, 0xff,
    0xf6, 0x0, 0x9f, 0xff, 0xb0, 0x0, 0x1, 0xff,
    0xff, 0x0, 0x3, 0xff, 0xff, 0x10, 0x0, 0x7f,
    0xff, 0xa0, 0x0, 0xd, 0xff, 0xf6, 0x0, 0xc,
    0xff, 0xf4, 0x0, 0x0, 0x7f, 0xff, 0xc0, 0x2,
    0xff, 0xfe, 0x0, 0x0, 0x2, 0xff, 0xff, 0x10,
    0x7f, 0xff, 0x80, 0x0, 0x0, 0xc, 0xff, 0xf6,
    0xb, 0xff, 0xf2, 0x0, 0x0, 0x0, 0x6f, 0xff,
    0xa0, 0xff, 0xfc, 0x0, 0x0, 0x0, 0x0, 0xff,
    0xff, 0x4f, 0xff, 0x60, 0x0, 0x0, 0x0, 0xa,
    0xff, 0xfc, 0xff, 0xf1, 0x0, 0x0, 0x0, 0x0,
    0x4f, 0xff, 0xff, 0xfa, 0x0, 0x0, 0x0, 0x0,
    0x0, 0xef, 0xff, 0xff, 0x40, 0x0, 0x0, 0x0,
    0x0, 0x8, 0xff, 0xff, 0xe0, 0x0, 0x0, 0x0,
    0x0, 0x0, 0x2f, 0xff, 0xf9, 0x0, 0x0, 0x0,

    /* U+0077 "w" */
    0xcf, 0xff, 0x90, 0x0, 0x2, 0xff, 0xff, 0x70,
    0x0, 0x4, 0xff, 0xfb, 0x7f, 0xff, 0xd0, 0x0,
    0x6, 0xff, 0xff, 0xb0, 0x0, 0x8, 0xff, 0xf6,
    0x2f, 0xff, 0xf1, 0x0, 0xa, 0xff, 0xff, 0xe0,
    0x0, 0xc, 0xff, 0xf1, 0xd, 0xff, 0xf5, 0x0,
    0xe, 0xff, 0xff, 0xf3, 0x0, 0xf, 0xff, 0xc0,
    0x8, 0xff, 0xf9, 0x0, 0x2f, 0xff, 0xff, 0xf7,
    0x0, 0x4f, 0xff, 0x70, 0x3, 0xff, 0xfd, 0x0,
    0x6f, 0xfd, 0xcf, 0xfb, 0x0, 0x8f, 0xff, 0x20,
    0x0, 0xef, 0xff, 0x10, 0xaf, 0xfa, 0x9f, 0xfe,
    0x0, 0xcf, 0xfe, 0x0, 0x0, 0x9f, 0xff, 0x50,
    0xdf, 0xf6, 0x6f, 0xff, 0x30, 0xff, 0xf9, 0x0,
    0x0, 0x4f, 0xff, 0x91, 0xff, 0xf3, 0x2f, 0xff,
    0x63, 0xff, 0xf4, 0x0, 0x0, 0xf, 0xff, 0xc5,
    0xff, 0xe0, 0xe, 0xff, 0xa7, 0xff, 0xe0, 0x0,
    0x0, 0xb, 0xff, 0xf8, 0xff, 0xb0, 0xa, 0xff,
    0xdb, 0xff, 0xa0, 0x0, 0x0, 0x6, 0xff, 0xff,
    0xff, 0x60, 0x6, 0xff, 0xff, 0xff, 0x50, 0x0,
    0x0, 0x1, 0xff, 0xff, 0xff, 0x20, 0x2, 0xff,
    0xff, 0xff, 0x0, 0x0, 0x0, 0x0, 0xcf, 0xff,
    0xfe, 0x0, 0x0, 0xef, 0xff, 0xfb, 0x0, 0x0,
    0x0, 0x0, 0x7f, 0xff, 0xfa, 0x0, 0x0, 0xbf,
    0xff, 0xf6, 0x0, 0x0, 0x0, 0x0, 0x2f, 0xff,
    0xf6, 0x0, 0x0, 0x7f, 0xff, 0xf1, 0x0, 0x0,

    /* U+0078 "x" */
    0x1e, 0xff, 0xfe, 0x10, 0x0, 0x7, 0xff, 0xff,
    0x40, 0x4f, 0xff, 0xfa, 0x0, 0x1, 0xff, 0xff,
    0x80, 0x0, 0x9f, 0xff, 0xf4, 0x0, 0xbf, 0xff,
    0xd0, 0x0, 0x0, 0xdf, 0xff, 0xd0, 0x5f, 0xff,
    0xf2, 0x0, 0x0, 0x3, 0xff, 0xff, 0x9e, 0xff,
    0xf7, 0x0, 0x0, 0x0, 0x8, 0xff, 0xff, 0xff,
    0xfc, 0x0, 0x0, 0x0, 0x0, 0xc, 0xff, 0xff,
    0xff, 0x20, 0x0, 0x0, 0x0, 0x0, 0x3f, 0xff,
    0xff, 0x70, 0x0, 0x0, 0x0, 0x0, 0x8, 0xff,
    0xff, 0xfc, 0x0, 0x0, 0x0, 0x0, 0x4, 0xff,
    0xff, 0xff, 0xf7, 0x0, 0x0, 0x0, 0x0, 0xef,
    0xff, 0xdf, 0xff, 0xf3, 0x0, 0x0, 0x0, 0xaf,
    0xff, 0xc0, 0xdf, 0xff, 0xd0, 0x0, 0x0, 0x5f,
    0xff, 0xf3, 0x3, 0xff, 0xff, 0x80, 0x0, 0x1e,
    0xff, 0xf9, 0x0, 0x9, 0xff, 0xff, 0x30, 0xb,
    0xff, 0xfe, 0x0, 0x0, 0x1e, 0xff, 0xfd, 0x6,
    0xff, 0xff, 0x40, 0x0, 0x0, 0x5f, 0xff, 0xf8,

    /* U+0079 "y" */
    0xaf, 0xff, 0xb0, 0x0, 0x0, 0x1, 0xff, 0xff,
    0x14, 0xff, 0xff, 0x10, 0x0, 0x0, 0x6f, 0xff,
    0xc0, 0xd, 0xff, 0xf7, 0x0, 0x0, 0xb, 0xff,
    0xf6, 0x0, 0x7f, 0xff, 0xd0, 0x0, 0x0, 0xff,
    0xff, 0x0, 0x1, 0xff, 0xff, 0x30, 0x0, 0x5f,
    0xff, 0xa0, 0x0, 0xa, 0xff, 0xf9, 0x0, 0xa,
    0xff, 0xf4, 0x0, 0x0, 0x4f, 0xff, 0xf0, 0x0,
    0xef, 0xfe, 0x0, 0x0, 0x0, 0xdf, 0xff, 0x50,
    0x4f, 0xff, 0x80, 0x0, 0x0, 0x7, 0xff, 0xfa,
    0x8, 0xff, 0xf3, 0x0, 0x0, 0x0, 0x1f, 0xff,
    0xf0, 0xdf, 0xfd, 0x0, 0x0, 0x0, 0x0, 0xaf,
    0xff, 0x6f, 0xff, 0x70, 0x0, 0x0, 0x0, 0x4,
    0xff, 0xfe, 0xff, 0xf1, 0x0, 0x0, 0x0, 0x0,
    0xd, 0xff, 0xff, 0xfb, 0x0, 0x0, 0x0, 0x0,
    0x0, 0x7f, 0xff, 0xff, 0x50, 0x0, 0x0, 0x0,
    0x0, 0x1, 0xff, 0xff, 0xf0, 0x0, 0x0, 0x0,
    0x0, 0x0, 0xd, 0xff, 0xf9, 0x0, 0x0, 0x0,
    0x0, 0x0, 0x5, 0xff, 0xff, 0x30, 0x0, 0x0,
    0x0, 0x13, 0x38, 0xff, 0xff, 0xb0, 0x0, 0x0,
    0x0, 0x9, 0xff, 0xff, 0xff, 0xe1, 0x0, 0x0,
    0x0, 0x0, 0x9f, 0xff, 0xff, 0xe3, 0x0, 0x0,
    0x0, 0x0, 0x6, 0xdf, 0xfe, 0x91, 0x0, 0x0,
    0x0, 0x0, 0x0,

    /* U+007A "z" */
    0xd, 0xff, 0xff, 0xff, 0xff, 0xff, 0xff, 0x70,
    0xdf, 0xff, 0xff, 0xff, 0xff, 0xff, 0xf6, 0xd,
    0xff, 0xff, 0xff, 0xff, 0xff, 0xfd, 0x0, 0x23,
    0x33, 0x33, 0x3e, 0xff, 0xff, 0x30, 0x0, 0x0,
    0x0, 0x8, 0xff, 0xff, 0x70, 0x0, 0x0, 0x0,
    0x3, 0xff, 0xff, 0xc0, 0x0, 0x0, 0x0, 0x0,
    0xdf, 0xff, 0xf2, 0x0, 0x0, 0x0, 0x0, 0x9f,
    0xff, 0xf6, 0x0, 0x0, 0x0, 0x0, 0x4f, 0xff,
    0xfa, 0x0, 0x0, 0x0, 0x0, 0x1e, 0xff, 0xfe,
    0x10, 0x0, 0x0, 0x0, 0xb, 0xff, 0xff, 0x40,
    0x0, 0x0, 0x0, 0x6, 0xff, 0xff, 0x90, 0x0,
    0x0, 0x0, 0x2, 0xff, 0xff, 0xe4, 0x33, 0x33,
    0x33, 0x20, 0xcf, 0xff, 0xff, 0xff, 0xff, 0xff,
    0xfb, 0x4f, 0xff, 0xff, 0xff, 0xff, 0xff, 0xff,
    0xb5, 0xff, 0xff, 0xff, 0xff, 0xff, 0xff, 0xfb,

    /* U+007B "{" */
    0x0, 0x0, 0x39, 0xdf, 0xf3, 0x0, 0x4, 0xff,
    0xff, 0xf3, 0x0, 0xd, 0xff, 0xf9, 0x50, 0x0,
    0xf, 0xff, 0x80, 0x0, 0x0, 0x1f, 0xff, 0x60,
    0x0, 0x0, 0x1f, 0xff, 0x60, 0x0, 0x0, 0x1f,
    0xff, 0x50, 0x0, 0x0, 0x1f, 0xff, 0x40, 0x0,
    0x0, 0x1f, 0xff, 0x40, 0x0, 0x0, 0x1f, 0xff,
    0x30, 0x0, 0x0, 0x1f, 0xff, 0x20, 0x0, 0x3,
    0xbf, 0xfe, 0x0, 0x0, 0xcf, 0xff, 0xe3, 0x0,
    0x0, 0xcf, 0xf9, 0x40, 0x0, 0x0, 0x7c, 0xff,
    0xf8, 0x0, 0x0, 0x0, 0x5f, 0xff, 0x10, 0x0,
    0x0, 0x1f, 0xff, 0x30, 0x0, 0x0, 0x1f, 0xff,
    0x30, 0x0, 0x0, 0x1f, 0xff, 0x40, 0x0, 0x0,
    0x1f, 0xff, 0x50, 0x0, 0x0, 0x1f, 0xff, 0x50,
    0x0, 0x0, 0x1f, 0xff, 0x60, 0x0, 0x0, 0xf,
    0xff, 0x70, 0x0, 0x0, 0xe, 0xff, 0xe4, 0x0,
    0x0, 0x8, 0xff, 0xff, 0xf3, 0x0, 0x0, 0x7e,
    0xff, 0xf3, 0x0, 0x0, 0x0, 0x13, 0x40,

    /* U+007C "|" */
    0xbf, 0xf5, 0xbf, 0xf5, 0xbf, 0xf5, 0xbf, 0xf5,
    0xbf, 0xf5, 0xbf, 0xf5, 0xbf, 0xf5, 0xbf, 0xf5,
    0xbf, 0xf5, 0xbf, 0xf5, 0xbf, 0xf5, 0xbf, 0xf5,
    0xbf, 0xf5, 0xbf, 0xf5, 0xbf, 0xf5, 0xbf, 0xf5,
    0xbf, 0xf5, 0xbf, 0xf5, 0xbf, 0xf5, 0xbf, 0xf5,
    0xbf, 0xf5, 0xbf, 0xf5, 0xbf, 0xf5, 0xbf, 0xf5,
    0xbf, 0xf5, 0xbf, 0xf5, 0xbf, 0xf5, 0x45, 0x51,

    /* U+007D "}" */
    0x6f, 0xec, 0x81, 0x0, 0x0, 0x6f, 0xff, 0xfe,
    0x20, 0x0, 0x26, 0xbf, 0xff, 0x90, 0x0, 0x0,
    0xc, 0xff, 0xd0, 0x0, 0x0, 0xa, 0xff, 0xd0,
    0x0, 0x0, 0x9, 0xff, 0xd0, 0x0, 0x0, 0x8,
    0xff, 0xd0, 0x0, 0x0, 0x8, 0xff, 0xd0, 0x0,
    0x0, 0x7, 0xff, 0xd0, 0x0, 0x0, 0x6, 0xff,
    0xd0, 0x0, 0x0, 0x5, 0xff, 0xe0, 0x0, 0x0,
    0x1, 0xff, 0xf9, 0x20, 0x0, 0x0, 0x5e, 0xff,
    0xf9, 0x0, 0x0, 0x6, 0xaf, 0xf9, 0x0, 0x0,
    0xcf, 0xff, 0xb5, 0x0, 0x3, 0xff, 0xf2, 0x0,
    0x0, 0x6, 0xff, 0xd0, 0x0, 0x0, 0x7, 0xff,
    0xd0, 0x0, 0x0, 0x7, 0xff, 0xd0, 0x0, 0x0,
    0x8, 0xff, 0xd0, 0x0, 0x0, 0x9, 0xff, 0xd0,
    0x0, 0x0, 0x9, 0xff, 0xd0, 0x0, 0x0, 0xb,
    0xff, 0xd0, 0x0, 0x1, 0x6f, 0xff, 0xb0, 0x0,
    0x6f, 0xff, 0xff, 0x40, 0x0, 0x6f, 0xff, 0xd4,
    0x0, 0x0, 0x14, 0x31, 0x0, 0x0, 0x0,

    /* U+007E "~" */
    0x0, 0x1, 0x56, 0x40, 0x0, 0x0, 0x0, 0x0,
    0x30, 0x9, 0xff, 0xff, 0xe7, 0x0, 0x0, 0x3,
    0xd6, 0xc, 0xff, 0xff, 0xff, 0xff, 0xa7, 0x7b,
    0xff, 0x62, 0xff, 0xff, 0xff, 0xff, 0xff, 0xff,
    0xff, 0xf5, 0x2f, 0xd6, 0x10, 0x27, 0xef, 0xff,
    0xff, 0xf9, 0x2, 0xa0, 0x0, 0x0, 0x0, 0x6c,
    0xff, 0xc4, 0x0, 0x0, 0x0, 0x0, 0x0, 0x0,
    0x0, 0x0, 0x0, 0x0
};


/*---------------------
 *  GLYPH DESCRIPTION
 *--------------------*/

static const lv_font_fmt_txt_glyph_dsc_t glyph_dsc[] = {
    {.bitmap_index = 0, .adv_w = 0, .box_w = 0, .box_h = 0, .ofs_x = 0, .ofs_y = 0} /* id = 0 reserved */,
    {.bitmap_index = 0, .adv_w = 94, .box_w = 0, .box_h = 0, .ofs_x = 0, .ofs_y = 0},
    {.bitmap_index = 0, .adv_w = 144, .box_w = 5, .box_h = 20, .ofs_x = 2, .ofs_y = 0},
    {.bitmap_index = 50, .adv_w = 219, .box_w = 11, .box_h = 9, .ofs_x = 1, .ofs_y = 11},
    {.bitmap_index = 100, .adv_w = 288, .box_w = 18, .box_h = 20, .ofs_x = 0, .ofs_y = 0},
    {.bitmap_index = 280, .adv_w = 267, .box_w = 15, .box_h = 24, .ofs_x = 1, .ofs_y = -2},
    {.bitmap_index = 460, .adv_w = 467, .box_w = 25, .box_h = 20, .ofs_x = 2, .ofs_y = 0},
    {.bitmap_index = 710, .adv_w = 367, .box_w = 21, .box_h = 20, .ofs_x = 1, .ofs_y = 0},
    {.bitmap_index = 920, .adv_w = 121, .box_w = 5, .box_h = 9, .ofs_x = 1, .ofs_y = 11},
    {.bitmap_index = 943, .adv_w = 175, .box_w = 9, .box_h = 27, .ofs_x = 1, .ofs_y = -5},
    {.bitmap_index = 1065, .adv_w = 175, .box_w = 9, .box_h = 27, .ofs_x = 1, .ofs_y = -5},
    {.bitmap_index = 1187, .adv_w = 195, .box_w = 12, .box_h = 11, .ofs_x = 0, .ofs_y = 9},
    {.bitmap_index = 1253, .adv_w = 308, .box_w = 15, .box_h = 16, .ofs_x = 2, .ofs_y = 0},
    {.bitmap_index = 1373, .adv_w = 147, .box_w = 5, .box_h = 11, .ofs_x = 2, .ofs_y = -6},
    {.bitmap_index = 1401, .adv_w = 160, .box_w = 8, .box_h = 4, .ofs_x = 1, .ofs_y = 6},
    {.bitmap_index = 1417, .adv_w = 147, .box_w = 5, .box_h = 5, .ofs_x = 2, .ofs_y = 0},
    {.bitmap_index = 1430, .adv_w = 144, .box_w = 9, .box_h = 24, .ofs_x = 0, .ofs_y = -2},
    {.bitmap_index = 1538, .adv_w = 286, .box_w = 16, .box_h = 20, .ofs_x = 1, .ofs_y = 0},
    {.bitmap_index = 1698, .adv_w = 286, .box_w = 15, .box_h = 20, .ofs_x = 2, .ofs_y = 0},
    {.bitmap_index = 1848, .adv_w = 286, .box_w = 16, .box_h = 20, .ofs_x = 1, .ofs_y = 0},
    {.bitmap_index = 2008, .adv_w = 286, .box_w = 16, .box_h = 20, .ofs_x = 1, .ofs_y = 0},
    {.bitmap_index = 2168, .adv_w = 287, .box_w = 17, .box_h = 20, .ofs_x = 0, .ofs_y = 0},
    {.bitmap_index = 2338, .adv_w = 286, .box_w = 16, .box_h = 20, .ofs_x = 1, .ofs_y = 0},
    {.bitmap_index = 2498, .adv_w = 286, .box_w = 16, .box_h = 20, .ofs_x = 1, .ofs_y = 0},
    {.bitmap_index = 2658, .adv_w = 286, .box_w = 16, .box_h = 20, .ofs_x = 1, .ofs_y = 0},
    {.bitmap_index = 2818, .adv_w = 286, .box_w = 16, .box_h = 20, .ofs_x = 1, .ofs_y = 0},
    {.bitmap_index = 2978, .adv_w = 286, .box_w = 16, .box_h = 20, .ofs_x = 1, .ofs_y = 0},
    {.bitmap_index = 3138, .adv_w = 161, .box_w = 6, .box_h = 16, .ofs_x = 2, .ofs_y = 0},
    {.bitmap_index = 3186, .adv_w = 161, .box_w = 6, .box_h = 22, .ofs_x = 2, .ofs_y = -6},
    {.bitmap_index = 3252, .adv_w = 308, .box_w = 15, .box_h = 16, .ofs_x = 2, .ofs_y = 0},
    {.bitmap_index = 3372, .adv_w = 308, .box_w = 15, .box_h = 10, .ofs_x = 2, .ofs_y = 3},
    {.bitmap_index = 3447, .adv_w = 308, .box_w = 16, .box_h = 16, .ofs_x = 2, .ofs_y = 0},
    {.bitmap_index = 3575, .adv_w = 294, .box_w = 16, .box_h = 20, .ofs_x = 1, .ofs_y = 0},
    {.bitmap_index = 3735, .adv_w = 480, .box_w = 28, .box_h = 24, .ofs_x = 1, .ofs_y = -4},
    {.bitmap_index = 4071, .adv_w = 348, .box_w = 22, .box_h = 20, .ofs_x = 0, .ofs_y = 0},
    {.bitmap_index = 4291, .adv_w = 347, .box_w = 19, .box_h = 20, .ofs_x = 2, .ofs_y = 0},
    {.bitmap_index = 4481, .adv_w = 352, .box_w = 20, .box_h = 20, .ofs_x = 1, .ofs_y = 0},
    {.bitmap_index = 4681, .adv_w = 355, .box_w = 19, .box_h = 20, .ofs_x = 2, .ofs_y = 0},
    {.bitmap_index = 4871, .adv_w = 328, .box_w = 17, .box_h = 20, .ofs_x = 2, .ofs_y = 0},
    {.bitmap_index = 5041, .adv_w = 299, .box_w = 16, .box_h = 20, .ofs_x = 2, .ofs_y = 0},
    {.bitmap_index = 5201, .adv_w = 385, .box_w = 22, .box_h = 20, .ofs_x = 1, .ofs_y = 0},
    {.bitmap_index = 5421, .adv_w = 362, .box_w = 19, .box_h = 20, .ofs_x = 2, .ofs_y = 0},
    {.bitmap_index = 5611, .adv_w = 144, .box_w = 5, .box_h = 20, .ofs_x = 2, .ofs_y = 0},
    {.bitmap_index = 5661, .adv_w = 289, .box_w = 16, .box_h = 20, .ofs_x = 0, .ofs_y = 0},
    {.bitmap_index = 5821, .adv_w = 348, .box_w = 20, .box_h = 20, .ofs_x = 2, .ofs_y = 0},
    {.bitmap_index = 6021, .adv_w = 284, .box_w = 16, .box_h = 20, .ofs_x = 2, .ofs_y = 0},
    {.bitmap_index = 6181, .adv_w = 419, .box_w = 22, .box_h = 20, .ofs_x = 2, .ofs_y = 0},
    {.bitmap_index = 6401, .adv_w = 362, .box_w = 19, .box_h = 20, .ofs_x = 2, .ofs_y = 0},
    {.bitmap_index = 6591, .adv_w = 381, .box_w = 22, .box_h = 20, .ofs_x = 1, .ofs_y = 0},
    {.bitmap_index = 6811, .adv_w = 327, .box_w = 18, .box_h = 20, .ofs_x = 2, .ofs_y = 0},
    {.bitmap_index = 6991, .adv_w = 381, .box_w = 22, .box_h = 24, .ofs_x = 1, .ofs_y = -4},
    {.bitmap_index = 7255, .adv_w = 350, .box_w = 20, .box_h = 20, .ofs_x = 2, .ofs_y = 0},
    {.bitmap_index = 7455, .adv_w = 326, .box_w = 19, .box_h = 20, .ofs_x = 1, .ofs_y = 0},
    {.bitmap_index = 7645, .adv_w = 308, .box_w = 19, .box_h = 20, .ofs_x = 0, .ofs_y = 0},
    {.bitmap_index = 7835, .adv_w = 359, .box_w = 19, .box_h = 20, .ofs_x = 2, .ofs_y = 0},
    {.bitmap_index = 8025, .adv_w = 333, .box_w = 21, .box_h = 20, .ofs_x = 0, .ofs_y = 0},
    {.bitmap_index = 8235, .adv_w = 463, .box_w = 29, .box_h = 20, .ofs_x = 0, .ofs_y = 0},
    {.bitmap_index = 8525, .adv_w = 339, .box_w = 21, .box_h = 20, .ofs_x = 0, .ofs_y = 0},
    {.bitmap_index = 8735, .adv_w = 336, .box_w = 21, .box_h = 20, .ofs_x = 0, .ofs_y = 0},
    {.bitmap_index = 8945, .adv_w = 313, .box_w = 19, .box_h = 20, .ofs_x = 0, .ofs_y = 0},
    {.bitmap_index = 9135, .adv_w = 168, .box_w = 7, .box_h = 27, .ofs_x = 3, .ofs_y = -5},
    {.bitmap_index = 9230, .adv_w = 144, .box_w = 9, .box_h = 24, .ofs_x = 0, .ofs_y = -2},
    {.bitmap_index = 9338, .adv_w = 168, .box_w = 8, .box_h = 27, .ofs_x = 0, .ofs_y = -5},
    {.bitmap_index = 9446, .adv_w = 308, .box_w = 14, .box_h = 12, .ofs_x = 3, .ofs_y = 9},
    {.bitmap_index = 9530, .adv_w = 249, .box_w = 16, .box_h = 3, .ofs_x = 0, .ofs_y = -5},
    {.bitmap_index = 9554, .adv_w = 109, .box_w = 7, .box_h = 4, .ofs_x = 0, .ofs_y = 18},
    {.bitmap_index = 9568, .adv_w = 278, .box_w = 18, .box_h = 16, .ofs_x = 0, .ofs_y = 0},
    {.bitmap_index = 9712, .adv_w = 292, .box_w = 17, .box_h = 22, .ofs_x = 1, .ofs_y = 0},
    {.bitmap_index = 9899, .adv_w = 275, .box_w = 15, .box_h = 16, .ofs_x = 1, .ofs_y = 0},
    {.bitmap_index = 10019, .adv_w = 292, .box_w = 16, .box_h = 22, .ofs_x = 1, .ofs_y = 0},
    {.bitmap_index = 10195, .adv_w = 280, .box_w = 16, .box_h = 16, .ofs_x = 1, .ofs_y = 0},
    {.bitmap_index = 10323, .adv_w = 156, .box_w = 10, .box_h = 22, .ofs_x = 0, .ofs_y = 0},
    {.bitmap_index = 10433, .adv_w = 291, .box_w = 18, .box_h = 24, .ofs_x = 0, .ofs_y = -5},
    {.bitmap_index = 10649, .adv_w = 289, .box_w = 16, .box_h = 22, .ofs_x = 1, .ofs_y = 0},
    {.bitmap_index = 10825, .adv_w = 128, .box_w = 6, .box_h = 22, .ofs_x = 1, .ofs_y = 0},
    {.bitmap_index = 10891, .adv_w = 127, .box_w = 8, .box_h = 27, .ofs_x = -1, .ofs_y = -5},
    {.bitmap_index = 10999, .adv_w = 274, .box_w = 16, .box_h = 22, .ofs_x = 1, .ofs_y = 0},
    {.bitmap_index = 11175, .adv_w = 128, .box_w = 6, .box_h = 22, .ofs_x = 1, .ofs_y = 0},
    {.bitmap_index = 11241, .adv_w = 428, .box_w = 24, .box_h = 16, .ofs_x = 1, .ofs_y = 0},
    {.bitmap_index = 11433, .adv_w = 289, .box_w = 16, .box_h = 16, .ofs_x = 1, .ofs_y = 0},
    {.bitmap_index = 11561, .adv_w = 294, .box_w = 17, .box_h = 16, .ofs_x = 1, .ofs_y = 0},
    {.bitmap_index = 11697, .adv_w = 292, .box_w = 17, .box_h = 21, .ofs_x = 1, .ofs_y = -5},
    {.bitmap_index = 11876, .adv_w = 292, .box_w = 16, .box_h = 21, .ofs_x = 1, .ofs_y = -5},
    {.bitmap_index = 12044, .adv_w = 182, .box_w = 11, .box_h = 16, .ofs_x = 1, .ofs_y = 0},
    {.bitmap_index = 12132, .adv_w = 267, .box_w = 15, .box_h = 16, .ofs_x = 1, .ofs_y = 0},
    {.bitmap_index = 12252, .adv_w = 164, .box_w = 10, .box_h = 20, .ofs_x = 0, .ofs_y = 0},
    {.bitmap_index = 12352, .adv_w = 288, .box_w = 16, .box_h = 16, .ofs_x = 1, .ofs_y = 0},
    {.bitmap_index = 12480, .adv_w = 263, .box_w = 17, .box_h = 16, .ofs_x = 0, .ofs_y = 0},
    {.bitmap_index = 12616, .adv_w = 383, .box_w = 24, .box_h = 16, .ofs_x = 0, .ofs_y = 0},
    {.bitmap_index = 12808, .adv_w = 275, .box_w = 17, .box_h = 16, .ofs_x = 0, .ofs_y = 0},
    {.bitmap_index = 12944, .adv_w = 263, .box_w = 17, .box_h = 21, .ofs_x = 0, .ofs_y = -5},
    {.bitmap_index = 13123, .adv_w = 249, .box_w = 15, .box_h = 16, .ofs_x = 0, .ofs_y = 0},
    {.bitmap_index = 13243, .adv_w = 189, .box_w = 10, .box_h = 27, .ofs_x = 1, .ofs_y = -5},
    {.bitmap_index = 13378, .adv_w = 121, .box_w = 4, .box_h = 28, .ofs_x = 2, .ofs_y = -6},
    {.bitmap_index = 13434, .adv_w = 189, .box_w = 10, .box_h = 27, .ofs_x = 1, .ofs_y = -5},
    {.bitmap_index = 13569, .adv_w = 308, .box_w = 17, .box_h = 7, .ofs_x = 1, .ofs_y = 5}
};

/*---------------------
 *  CHARACTER MAPPING
 *--------------------*/



/*Collect the unicode lists and glyph_id offsets*/
static const lv_font_fmt_txt_cmap_t cmaps[] =
{
    {
        .range_start = 32, .range_length = 95, .glyph_id_start = 1,
        .unicode_list = NULL, .glyph_id_ofs_list = NULL, .list_length = 0, .type = LV_FONT_FMT_TXT_CMAP_FORMAT0_TINY
    }
};

/*-----------------
 *    KERNING
 *----------------*/


/*Pair left and right glyphs for kerning*/
static const uint8_t kern_pair_glyph_ids[] =
{
    1, 58,
    3, 13,
    3, 15,
    3, 21,
    3, 34,
    3, 43,
    3, 68,
    3, 69,
    3, 70,
    3, 80,
    3, 82,
    8, 13,
    8, 15,
    8, 21,
    8, 34,
    8, 43,
    8, 68,
    8, 69,
    8, 70,
    8, 80,
    8, 82,
    14, 17,
    14, 18,
    14, 19,
    14, 20,
    14, 21,
    14, 22,
    14, 23,
    14, 25,
    14, 26,
    14, 55,
    14, 56,
    14, 57,
    14, 58,
    14, 89,
    16, 43,
    17, 14,
    18, 3,
    18, 8,
    18, 14,
    19, 14,
    20, 14,
    21, 14,
    22, 14,
    23, 14,
    24, 10,
    24, 13,
    24, 14,
    24, 15,
    24, 24,
    24, 62,
    24, 94,
    25, 14,
    26, 14,
    34, 3,
    34, 8,
    34, 11,
    34, 16,
    34, 32,
    34, 36,
    34, 40,
    34, 48,
    34, 50,
    34, 53,
    34, 54,
    34, 55,
    34, 56,
    34, 57,
    34, 58,
    34, 86,
    34, 87,
    34, 88,
    34, 89,
    34, 90,
    35, 55,
    35, 56,
    35, 57,
    35, 58,
    36, 34,
    36, 53,
    36, 55,
    36, 56,
    36, 57,
    36, 58,
    36, 59,
    37, 3,
    37, 8,
    37, 13,
    37, 15,
    37, 27,
    37, 28,
    37, 34,
    37, 53,
    37, 55,
    37, 56,
    37, 57,
    37, 58,
    37, 59,
    38, 43,
    39, 1,
    39, 13,
    39, 14,
    39, 15,
    39, 27,
    39, 28,
    39, 34,
    39, 43,
    39, 57,
    39, 58,
    39, 59,
    39, 66,
    39, 68,
    39, 69,
    39, 70,
    39, 80,
    39, 82,
    40, 55,
    40, 56,
    44, 1,
    44, 3,
    44, 8,
    44, 11,
    44, 14,
    44, 16,
    44, 34,
    44, 36,
    44, 40,
    44, 43,
    44, 48,
    44, 50,
    44, 53,
    44, 55,
    44, 56,
    44, 57,
    44, 58,
    44, 59,
    44, 66,
    44, 68,
    44, 69,
    44, 70,
    44, 80,
    44, 82,
    44, 86,
    44, 87,
    44, 88,
    44, 90,
    45, 3,
    45, 8,
    45, 11,
    45, 14,
    45, 16,
    45, 32,
    45, 36,
    45, 40,
    45, 43,
    45, 48,
    45, 50,
    45, 53,
    45, 54,
    45, 55,
    45, 56,
    45, 57,
    45, 58,
    45, 59,
    45, 87,
    45, 88,
    45, 89,
    45, 90,
    48, 3,
    48, 8,
    48, 13,
    48, 15,
    48, 27,
    48, 28,
    48, 34,
    48, 53,
    48, 55,
    48, 56,
    48, 57,
    48, 58,
    48, 59,
    49, 1,
    49, 13,
    49, 15,
    49, 34,
    49, 43,
    49, 53,
    49, 57,
    49, 58,
    49, 59,
    49, 66,
    49, 68,
    49, 69,
    49, 70,
    49, 80,
    49, 82,
    50, 3,
    50, 8,
    50, 13,
    50, 15,
    50, 27,
    50, 28,
    50, 34,
    50, 53,
    50, 55,
    50, 56,
    50, 57,
    50, 58,
    50, 59,
    51, 36,
    51, 40,
    51, 43,
    51, 48,
    51, 50,
    51, 53,
    51, 54,
    51, 55,
    51, 56,
    51, 57,
    51, 58,
    51, 66,
    51, 68,
    51, 69,
    51, 70,
    51, 80,
    51, 82,
    51, 86,
    51, 87,
    51, 88,
    51, 90,
    52, 58,
    53, 13,
    53, 15,
    53, 16,
    53, 27,
    53, 28,
    53, 34,
    53, 36,
    53, 40,
    53, 43,
    53, 48,
    53, 50,
    53, 57,
    53, 58,
    53, 59,
    53, 66,
    53, 68,
    53, 69,
    53, 70,
    53, 78,
    53, 79,
    53, 80,
    53, 81,
    53, 82,
    53, 83,
    53, 84,
    53, 85,
    53, 86,
    53, 87,
    53, 88,
    53, 89,
    53, 90,
    53, 91,
    54, 34,
    55, 13,
    55, 14,
    55, 15,
    55, 27,
    55, 28,
    55, 34,
    55, 36,
    55, 40,
    55, 43,
    55, 48,
    55, 50,
    55, 57,
    55, 58,
    55, 66,
    55, 68,
    55, 69,
    55, 70,
    55, 78,
    55, 79,
    55, 80,
    55, 81,
    55, 82,
    55, 83,
    55, 84,
    55, 86,
    55, 87,
    55, 88,
    55, 89,
    55, 90,
    55, 91,
    56, 13,
    56, 14,
    56, 15,
    56, 27,
    56, 28,
    56, 34,
    56, 36,
    56, 40,
    56, 43,
    56, 48,
    56, 50,
    56, 57,
    56, 58,
    56, 66,
    56, 68,
    56, 69,
    56, 70,
    56, 78,
    56, 79,
    56, 80,
    56, 81,
    56, 82,
    56, 83,
    56, 84,
    56, 86,
    56, 87,
    56, 88,
    56, 89,
    56, 90,
    56, 91,
    57, 14,
    57, 34,
    57, 36,
    57, 40,
    57, 48,
    57, 50,
    57, 53,
    57, 55,
    57, 56,
    57, 58,
    57, 59,
    57, 66,
    57, 68,
    57, 69,
    57, 70,
    57, 80,
    57, 82,
    57, 84,
    57, 85,
    57, 86,
    57, 87,
    57, 88,
    57, 89,
    57, 90,
    57, 91,
    58, 1,
    58, 13,
    58, 14,
    58, 15,
    58, 16,
    58, 27,
    58, 28,
    58, 34,
    58, 36,
    58, 40,
    58, 43,
    58, 48,
    58, 50,
    58, 52,
    58, 53,
    58, 55,
    58, 56,
    58, 57,
    58, 66,
    58, 68,
    58, 69,
    58, 70,
    58, 71,
    58, 72,
    58, 78,
    58, 79,
    58, 80,
    58, 81,
    58, 82,
    58, 83,
    58, 84,
    58, 85,
    58, 86,
    58, 87,
    58, 88,
    58, 89,
    58, 91,
    59, 14,
    59, 36,
    59, 40,
    59, 48,
    59, 50,
    59, 53,
    59, 57,
    61, 24,
    61, 34,
    61, 58,
    61, 62,
    67, 3,
    67, 8,
    67, 89,
    67, 91,
    70, 3,
    70, 8,
    70, 89,
    71, 3,
    71, 8,
    71, 10,
    71, 11,
    71, 13,
    71, 14,
    71, 15,
    71, 24,
    71, 27,
    71, 28,
    71, 32,
    71, 62,
    71, 66,
    71, 68,
    71, 69,
    71, 70,
    71, 80,
    71, 82,
    71, 94,
    76, 1,
    76, 14,
    76, 66,
    76, 68,
    76, 69,
    76, 70,
    76, 80,
    76, 82,
    76, 84,
    76, 87,
    76, 88,
    76, 89,
    76, 90,
    76, 91,
    80, 3,
    80, 8,
    80, 89,
    80, 91,
    81, 3,
    81, 8,
    81, 89,
    81, 91,
    83, 1,
    83, 13,
    83, 15,
    83, 66,
    83, 68,
    83, 69,
    83, 70,
    83, 80,
    83, 82,
    84, 89,
    84, 90,
    84, 91,
    85, 10,
    87, 13,
    87, 15,
    87, 27,
    87, 28,
    87, 66,
    88, 13,
    88, 15,
    88, 27,
    88, 28,
    88, 66,
    89, 14,
    89, 66,
    89, 68,
    89, 69,
    89, 70,
    89, 80,
    89, 82,
    90, 13,
    90, 15,
    90, 27,
    90, 28,
    90, 66,
    91, 66,
    91, 68,
    91, 69,
    91, 70,
    91, 80,
    91, 82
};

/* Kerning between the respective left and right glyphs
 * 4.4 format which needs to scaled with `kern_scale`*/
static const int8_t kern_pair_values[] =
{
    -24, -24, -24, -5, -49, -48, -6, -6,
    -6, -6, -6, -24, -24, -5, -49, -48,
    -6, -6, -6, -6, -6, 19, 19, 19,
    19, 19, 19, 19, 14, 10, -25, -25,
    -24, -68, -14, -10, 19, -8, -8, 19,
    5, 19, 19, 19, 10, -5, -58, -19,
    -58, -5, -5, -5, 14, 19, -49, -49,
    -38, 14, -14, -8, -8, -8, -8, -40,
    -7, -18, -18, -12, -39, -6, -11, -11,
    -5, -13, -5, -5, -5, -8, -2, -10,
    -3, -3, -5, -6, -2, -6, -6, -13,
    -13, -5, -5, -8, -12, -8, -8, -9,
    -9, -5, -10, -13, -29, -10, -29, -4,
    -4, -26, -39, -15, -15, -18, -15, -15,
    -15, -15, -15, -15, -2, -2, -22, -9,
    -9, -14, -34, 14, -24, -27, -27, -20,
    -27, -27, -14, -32, -32, -10, -32, -5,
    -19, -19, -19, -19, -19, -19, -19, -28,
    -28, -28, -48, -48, -43, -33, 14, -24,
    -14, -14, -10, -14, -14, -45, -17, -42,
    -42, -89, -61, -10, -19, -19, -10, -19,
    -6, -6, -13, -13, -5, -5, -8, -12,
    -8, -8, -9, -9, -5, -24, -43, -43,
    -24, -34, -9, -18, -13, -14, -6, -6,
    -6, -6, -6, -6, -6, -6, -13, -13,
    -5, -5, -8, -12, -8, -8, -9, -9,
    -5, -2, -2, -14, -2, -2, -9, -4,
    -4, -4, -10, -10, -6, -6, -6, -6,
    -6, -6, -6, -5, -5, -5, -21, -24,
    -24, -19, -10, -10, -40, -12, -12, -54,
    -12, -12, -10, -10, -10, -38, -38, -38,
    -38, -34, -34, -38, -34, -38, -34, -38,
    -19, -34, -13, -13, -13, -13, -13, -7,
    -69, -25, -69, -5, -5, -18, -8, -8,
    -44, -8, -8, -10, -10, -25, -25, -25,
    -25, -9, -9, -25, -9, -25, -9, -20,
    -20, -10, -10, -14, -10, -14, -69, -25,
    -69, -5, -5, -18, -8, -8, -44, -8,
    -8, -10, -10, -25, -25, -25, -25, -9,
    -9, -25, -9, -25, -9, -20, -20, -10,
    -10, -14, -10, -14, -24, -12, -9, -9,
    -9, -9, -10, -10, -10, -14, -10, -8,
    -8, -8, -8, -8, -8, -8, -21, -10,
    -19, -19, -19, -19, -10, -24, -96, -68,
    -96, -19, -25, -25, -39, -9, -9, -62,
    -9, -9, -21, -10, -10, -10, -14, -49,
    -49, -49, -49, -31, -43, -30, -30, -49,
    -30, -49, -30, -45, -20, -36, -25, -25,
    -30, -33, -42, -5, -5, -5, -5, -10,
    -10, -10, 10, -19, -10, -6, -6, -13,
    -10, -6, -6, -2, 5, 5, 13, 5,
    -19, -5, -19, 13, -5, -5, 10, 13,
    -2, -2, -2, -2, -2, -2, 13, -13,
    -25, -12, -16, -16, -16, -16, -16, -14,
    -9, -9, -17, -9, -9, -6, -6, -13,
    -10, -6, -6, -13, -10, -10, -54, -54,
    -5, -5, -5, -5, -5, -5, -12, -1,
    -1, 3, -53, -53, -5, -5, -2, -53,
    -53, -5, -5, -2, -14, -12, -13, -13,
    -13, -13, -13, -53, -53, -5, -5, -2,
    -10, -10, -10, -10, -10, -10
};

/*Collect the kern pair's data in one place*/
static const lv_font_fmt_txt_kern_pair_t kern_pairs =
{
    .glyph_ids = kern_pair_glyph_ids,
    .values = kern_pair_values,
    .pair_cnt = 486,
    .glyph_ids_size = 0
};

/*--------------------
 *  ALL CUSTOM DATA
 *--------------------*/

#if LVGL_VERSION_MAJOR == 8
/*Store all the custom data of the font*/
static  lv_font_fmt_txt_glyph_cache_t cache;
#endif

#if LVGL_VERSION_MAJOR >= 8
static const lv_font_fmt_txt_dsc_t font_dsc = {
#else
static lv_font_fmt_txt_dsc_t font_dsc = {
#endif
    .glyph_bitmap = glyph_bitmap,
    .glyph_dsc = glyph_dsc,
    .cmaps = cmaps,
    .kern_dsc = &kern_pairs,
    .kern_scale = 16,
    .cmap_num = 1,
    .bpp = 4,
    .kern_classes = 0,
    .bitmap_format = 0,
#if LVGL_VERSION_MAJOR == 8
    .cache = &cache
#endif
};



/*-----------------
 *  PUBLIC FONT
 *----------------*/

/*Initialize a public general font descriptor*/
#if LVGL_VERSION_MAJOR >= 8
const lv_font_t font_archivo_bold_30 = {
#else
lv_font_t font_archivo_bold_30 = {
#endif
    .get_glyph_dsc = lv_font_get_glyph_dsc_fmt_txt,    /*Function pointer to get glyph's data*/
    .get_glyph_bitmap = lv_font_get_bitmap_fmt_txt,    /*Function pointer to get glyph's bitmap*/
    .line_height = 28,          /*The maximum line height required by the font*/
    .base_line = 6,             /*Baseline measured from the bottom of the line*/
#if !(LVGL_VERSION_MAJOR == 6 && LVGL_VERSION_MINOR == 0)
    .subpx = LV_FONT_SUBPX_NONE,
#endif
#if LV_VERSION_CHECK(7, 4, 0) || LVGL_VERSION_MAJOR >= 8
    .underline_position = -4,
    .underline_thickness = 1,
#endif
    .dsc = &font_dsc,          /*The custom font data. Will be accessed by `get_glyph_bitmap/dsc` */
#if LV_VERSION_CHECK(8, 2, 0) || LVGL_VERSION_MAJOR >= 9
    .fallback = NULL,
#endif
    .user_data = NULL,
};



#endif /*#if FONT_ARCHIVO_BOLD_30*/

